owner,date,plays,minutes
Or,2018-09-16,50,43.4
Or,2018-09-17,27,52.8
Or,2018-09-18,73,39.5
Or,2018-09-19,2,3.6
Or,2018-09-20,35,70.8
Or,2018-09-23,42,62.5
Or,2018-09-24,114,91.8
Or,2018-09-25,6,10.3
Or,2018-09-27,49,33.0
Or,2018-09-28,230,202.9
Or,2018-09-29,29,45.0
Or,2018-09-30,66,56.2
Or,2018-10-01,2,0.2
Or,2018-10-04,77,77.3
Or,2018-10-05,196,161.6
Or,2018-10-06,62,80.8
Or,2018-10-07,26,24.5
Or,2018-10-11,26,28.2
Or,2018-10-12,190,236.4
Or,2018-10-13,63,57.1
Or,2018-10-14,21,12.2
Or,2018-10-16,19,25.8
Or,2018-10-18,140,121.7
Or,2018-10-19,58,76.3
Or,2018-10-20,82,66.6
Or,2018-10-21,62,64.2
Or,2018-10-22,27,34.1
Or,2018-10-24,1,3.5
Or,2018-10-25,100,153.6
Or,2018-10-26,45,58.1
Or,2018-10-27,70,86.1
Or,2018-10-28,71,39.5
Or,2018-10-29,5,3.7
Or,2018-10-30,89,117.2
Or,2018-10-31,30,38.8
Or,2018-11-01,1,0.0
Or,2018-11-02,30,21.6
Or,2018-11-04,80,58.6
Or,2018-11-05,116,172.4
Or,2018-11-06,101,134.2
Or,2018-11-07,15,21.2
Or,2018-11-08,128,158.9
Or,2018-11-09,119,170.1
Or,2018-11-11,223,230.5
Or,2018-11-12,10,22.0
Or,2018-11-13,99,95.1
Or,2018-11-14,40,19.7
Or,2018-11-15,115,106.6
Or,2018-11-16,40,66.2
Or,2018-11-17,11,15.8
Or,2018-11-18,112,153.6
Or,2018-11-19,31,33.2
Or,2018-11-20,99,89.8
Or,2018-11-21,37,23.6
Or,2018-11-22,37,42.1
Or,2018-11-23,51,73.7
Or,2018-11-24,146,59.1
Or,2018-11-25,121,167.5
Or,2018-11-26,113,235.0
Or,2018-11-27,110,235.0
Or,2018-11-28,27,44.7
Or,2018-11-29,188,243.4
Or,2018-11-30,40,65.7
Or,2018-12-01,19,31.7
Or,2018-12-02,14,16.9
Or,2018-12-05,33,45.8
Or,2018-12-06,116,164.3
Or,2018-12-07,57,83.7
Or,2018-12-08,15,18.0
Or,2018-12-09,63,88.8
Or,2018-12-11,55,80.4
Or,2018-12-12,214,370.3
Or,2018-12-13,53,94.4
Or,2018-12-14,16,20.8
Or,2018-12-15,6,10.3
Or,2018-12-16,4,3.7
Or,2018-12-17,98,169.3
Or,2018-12-18,152,168.7
Or,2018-12-19,37,25.5
Or,2018-12-20,90,117.6
Or,2018-12-22,15,27.4
Or,2018-12-24,30,20.4
Or,2018-12-25,24,25.2
Or,2018-12-27,5,16.2
Or,2018-12-28,8,22.4
Or,2018-12-30,6,8.2
Or,2018-12-31,7,19.3
Or,2019-01-01,10,31.0
Or,2019-01-02,73,38.7
Or,2019-01-05,43,51.5
Or,2019-01-07,8,15.8
Or,2019-01-08,52,86.8
Or,2019-01-09,8,3.0
Or,2019-01-10,123,158.5
Or,2019-01-11,133,213.5
Or,2019-01-12,104,106.7
Or,2019-01-13,4,11.6
Or,2019-01-15,7,9.1
Or,2019-01-16,96,77.6
Or,2019-01-17,23,39.1
Or,2019-01-18,215,202.4
Or,2019-01-19,55,78.0
Or,2019-01-20,70,127.2
Or,2019-01-21,77,90.7
Or,2019-01-22,25,49.6
Or,2019-01-23,65,38.3
Or,2019-01-25,9,12.5
Or,2019-01-26,20,47.1
Or,2019-01-27,156,160.9
Or,2019-01-28,44,43.9
Or,2019-01-29,166,139.9
Or,2019-01-30,29,19.2
Or,2019-01-31,142,124.2
Or,2019-02-01,160,186.3
Or,2019-02-02,74,96.5
Or,2019-02-03,31,31.1
Or,2019-02-04,4,9.9
Or,2019-02-05,57,27.0
Or,2019-02-06,44,51.4
Or,2019-02-07,183,187.0
Or,2019-02-08,97,146.4
Or,2019-02-09,48,64.1
Or,2019-02-10,57,67.3
Or,2019-02-11,47,46.9
Or,2019-02-12,169,187.9
Or,2019-02-13,21,24.8
Or,2019-02-16,1,0.3
Or,2019-02-17,299,402.4
Or,2019-02-18,18,5.9
Or,2019-02-19,1,0.0
Or,2019-02-21,123,157.1
Or,2019-02-22,93,119.6
Or,2019-02-23,138,131.7
Or,2019-02-24,102,173.0
Or,2019-02-28,99,112.7
Or,2019-03-01,160,225.3
Or,2019-03-02,72,88.9
Or,2019-03-03,4,11.0
Or,2019-03-04,1,0.1
Or,2019-03-05,6,9.0
Or,2019-03-07,200,228.9
Or,2019-03-08,127,174.6
Or,2019-03-09,17,41.0
Or,2019-03-10,5,11.7
Or,2019-03-11,31,21.0
Or,2019-03-12,10,34.2
Or,2019-03-14,90,125.7
Or,2019-03-15,224,315.8
Or,2019-03-16,10,11.8
Or,2019-03-17,24,22.6
Or,2019-03-19,14,25.1
Or,2019-03-21,50,79.2
Or,2019-03-22,275,280.1
Or,2019-03-23,124,109.8
Or,2019-03-24,29,29.6
Or,2019-03-27,5,5.4
Or,2019-03-28,189,254.9
Or,2019-03-29,77,72.6
Or,2019-03-30,222,201.1
Or,2019-03-31,50,87.9
Or,2019-04-01,43,49.5
Or,2019-04-02,56,76.0
Or,2019-04-03,194,228.4
Or,2019-04-04,74,123.3
Or,2019-04-05,95,154.2
Or,2019-04-06,30,41.4
Or,2019-04-07,30,51.3
Or,2019-04-10,100,163.1
Or,2019-04-11,118,203.8
Or,2019-04-13,14,17.6
Or,2019-04-14,142,189.0
Or,2019-04-15,12,24.7
Or,2019-04-16,41,66.3
Or,2019-04-17,5,2.5
Or,2019-04-18,103,165.8
Or,2019-04-19,128,194.0
Or,2019-04-20,93,114.8
Or,2019-04-21,112,122.2
Or,2019-04-22,34,40.1
Or,2019-04-23,59,62.3
Or,2019-04-24,79,150.9
Or,2019-04-25,74,119.7
Or,2019-04-26,33,46.2
Or,2019-04-27,98,124.1
Or,2019-04-28,24,26.7
Or,2019-05-01,69,101.9
Or,2019-05-02,34,35.7
Or,2019-05-03,164,180.3
Or,2019-05-04,94,164.1
Or,2019-05-05,27,57.1
Or,2019-05-08,81,184.7
Or,2019-05-09,103,108.6
Or,2019-05-10,46,44.8
Or,2019-05-11,166,142.7
Or,2019-05-12,150,196.7
Or,2019-05-15,47,82.0
Or,2019-05-16,114,95.7
Or,2019-05-17,127,170.0
Or,2019-05-18,16,16.5
Or,2019-05-19,38,62.5
Or,2019-05-22,23,65.8
Or,2019-05-23,76,105.7
Or,2019-05-24,82,150.6
Or,2019-05-25,46,66.1
Or,2019-05-26,18,45.5
Or,2019-05-28,29,49.6
Or,2019-05-30,47,87.7
Or,2019-05-31,121,135.3
Or,2019-06-01,122,203.9
Or,2019-06-02,104,226.2
Or,2019-06-05,8,12.5
Or,2019-06-06,59,124.4
Or,2019-06-07,46,58.1
Or,2019-06-08,147,176.1
Or,2019-06-09,101,197.8
Or,2019-06-10,36,73.0
Or,2019-06-11,11,16.9
Or,2019-06-12,26,39.7
Or,2019-06-13,18,27.4
Or,2019-06-14,101,206.5
Or,2019-06-15,37,77.3
Or,2019-06-16,13,3.8
Or,2019-06-17,4,6.8
Or,2019-06-19,5,4.7
Or,2019-06-20,121,266.6
Or,2019-06-21,109,171.4
Or,2019-06-22,66,86.6
Or,2019-06-23,18,29.7
Or,2019-06-25,10,3.3
Or,2019-06-26,169,91.5
Or,2019-06-27,158,310.9
Or,2019-06-28,44,58.4
Or,2019-06-29,29,61.7
Or,2019-07-01,7,7.8
Or,2019-07-04,46,92.3
Or,2019-07-05,99,94.7
Or,2019-07-06,52,83.3
Or,2019-07-07,13,25.3
Or,2019-07-09,1,1.4
Or,2019-07-10,5,8.2
Or,2019-07-11,112,162.7
Or,2019-07-12,142,213.7
Or,2019-07-13,125,119.0
Or,2019-07-14,72,107.1
Or,2019-07-18,197,182.5
Or,2019-07-19,124,167.3
Or,2019-07-20,5,5.3
Or,2019-07-21,3,0.8
Or,2019-07-22,25,32.6
Or,2019-07-23,4,10.1
Or,2019-07-24,6,11.5
Or,2019-07-25,54,67.5
Or,2019-07-26,30,39.7
Or,2019-07-27,20,28.4
Or,2019-07-29,17,25.2
Or,2019-07-30,45,77.4
Or,2019-08-01,92,112.5
Or,2019-08-02,134,182.0
Or,2019-08-03,21,24.1
Or,2019-08-04,73,69.8
Or,2019-08-06,10,9.3
Or,2019-08-07,13,12.0
Or,2019-08-08,73,70.5
Or,2019-08-09,196,231.5
Or,2019-08-10,66,52.2
Or,2019-08-12,19,37.9
Or,2019-08-13,74,123.4
Or,2019-08-15,106,119.0
Or,2019-08-16,29,43.9
Or,2019-08-17,32,36.5
Or,2019-08-18,54,66.4
Or,2019-08-21,22,34.2
Or,2019-08-22,69,80.5
Or,2019-08-23,65,78.0
Or,2019-08-24,42,64.8
Or,2019-08-25,195,203.2
Or,2019-08-26,13,19.8
Or,2019-08-28,7,14.2
Or,2019-08-29,42,52.1
Or,2019-08-30,116,179.1
Or,2019-08-31,51,52.7
Or,2019-09-01,79,129.4
Or,2019-09-02,4,4.8
Or,2019-09-03,73,99.9
Or,2019-09-04,56,56.5
Or,2019-09-05,55,67.3
Or,2019-09-06,83,135.2
Or,2019-09-07,53,63.7
Or,2019-09-08,8,12.9
Or,2019-09-12,52,63.8
Or,2019-09-13,77,96.4
Or,2019-09-14,23,34.5
Or,2019-09-15,2,4.8
Or,2019-09-16,14,6.3
Or,2019-09-17,109,137.4
Or,2019-09-18,17,18.7
Or,2019-09-19,36,43.6
Or,2019-09-20,37,35.1
Or,2019-09-21,117,162.5
Or,2019-09-22,34,44.1
Or,2019-09-23,182,368.7
Or,2019-09-24,7,9.9
Or,2019-09-26,162,196.9
Or,2019-09-27,239,297.1
Or,2019-09-28,30,38.0
Or,2019-09-29,58,53.0
Or,2019-09-30,33,50.4
Or,2019-10-01,35,51.3
Or,2019-10-02,13,31.0
Or,2019-10-03,11,16.0
Or,2019-10-04,60,136.9
Or,2019-10-05,25,43.2
Or,2019-10-06,4,5.2
Or,2019-10-07,16,20.3
Or,2019-10-08,2,1.7
Or,2019-10-09,16,32.7
Or,2019-10-10,137,198.8
Or,2019-10-11,32,73.4
Or,2019-10-12,42,62.4
Or,2019-10-13,92,126.1
Or,2019-10-14,23,60.3
Or,2019-10-15,54,93.4
Or,2019-10-16,50,153.9
Or,2019-10-18,75,106.3
Or,2019-10-19,7,17.6
Or,2019-10-20,104,159.4
Or,2019-10-21,88,98.2
Or,2019-10-22,51,102.7
Or,2019-10-23,13,25.3
Or,2019-10-24,81,131.7
Or,2019-10-25,61,143.3
Or,2019-10-26,18,22.0
Or,2019-10-27,24,50.8
Or,2019-10-28,21,28.8
Or,2019-10-29,20,33.6
Or,2019-10-30,74,127.4
Or,2019-10-31,171,323.8
Or,2019-11-01,122,158.6
Or,2019-11-02,49,84.3
Or,2019-11-03,24,31.8
Or,2019-11-05,58,91.4
Or,2019-11-06,29,72.3
Or,2019-11-07,42,46.3
Or,2019-11-08,105,170.3
Or,2019-11-09,43,55.5
Or,2019-11-10,80,105.3
Or,2019-11-11,110,126.8
Or,2019-11-14,15,18.3
Or,2019-11-15,75,158.1
Or,2019-11-16,29,50.8
Or,2019-11-17,12,19.0
Or,2019-11-18,13,16.6
Or,2019-11-20,38,90.2
Or,2019-11-21,30,41.9
Or,2019-11-22,121,196.2
Or,2019-11-23,63,78.4
Or,2019-11-25,8,13.0
Or,2019-11-26,36,80.2
Or,2019-11-27,34,69.6
Or,2019-11-28,3,6.2
Or,2019-11-29,75,137.9
Or,2019-11-30,21,30.2
Or,2019-12-02,15,29.2
Or,2019-12-03,3,8.9
Or,2019-12-06,82,163.0
Or,2019-12-07,41,84.9
Or,2019-12-08,19,31.1
Or,2019-12-09,76,96.1
Or,2019-12-10,15,31.9
Or,2019-12-12,44,84.2
Or,2019-12-13,102,222.3
Or,2019-12-14,42,46.5
Or,2019-12-15,24,40.5
Or,2019-12-16,7,10.8
Or,2019-12-17,29,48.2
Or,2019-12-18,36,25.4
Or,2019-12-19,66,85.5
Or,2019-12-20,74,106.1
Or,2019-12-21,40,64.4
Or,2019-12-22,33,66.2
Or,2019-12-23,58,103.2
Or,2019-12-24,54,94.3
Or,2019-12-31,35,51.3
Or,2020-01-01,25,56.9
Or,2020-01-02,149,234.4
Or,2020-01-03,92,130.8
Or,2020-01-04,38,67.0
Or,2020-01-05,24,69.0
Or,2020-01-07,11,19.3
Or,2020-01-08,42,102.9
Or,2020-01-09,34,50.2
Or,2020-01-10,124,174.5
Or,2020-01-11,15,30.1
Or,2020-01-12,116,127.4
Or,2020-01-15,11,13.4
Or,2020-01-16,52,71.8
Or,2020-01-17,75,143.0
Or,2020-01-18,26,45.8
Or,2020-01-19,117,177.3
Or,2020-01-20,77,116.2
Or,2020-01-22,93,90.0
Or,2020-01-23,94,167.6
Or,2020-01-24,101,149.7
Or,2020-01-25,75,114.8
Or,2020-01-27,16,22.6
Or,2020-01-28,183,234.1
Or,2020-01-29,14,18.2
Or,2020-01-30,14,13.4
Or,2020-01-31,85,106.5
Or,2020-02-01,78,47.9
Or,2020-02-02,5,11.7
Or,2020-02-03,12,14.2
Or,2020-02-04,29,35.4
Or,2020-02-05,38,41.2
Or,2020-02-06,98,144.4
Or,2020-02-07,153,133.1
Or,2020-02-08,60,68.2
Or,2020-02-09,21,29.2
Or,2020-02-10,48,58.0
Or,2020-02-11,24,41.7
Or,2020-02-12,20,40.4
Or,2020-02-13,72,154.7
Or,2020-02-14,100,159.4
Or,2020-02-15,5,6.3
Or,2020-02-16,60,69.1
Or,2020-02-17,13,22.1
Or,2020-02-19,18,43.0
Or,2020-02-20,117,143.3
Or,2020-02-21,92,112.4
Or,2020-02-22,54,67.2
Or,2020-02-23,50,69.9
Or,2020-02-24,127,135.8
Or,2020-02-25,41,86.6
Or,2020-02-26,195,184.1
Or,2020-02-27,67,57.1
Or,2020-02-28,134,178.4
Or,2020-02-29,98,107.0
Or,2020-03-01,123,137.0
Or,2020-03-02,16,33.5
Or,2020-03-03,34,31.4
Or,2020-03-05,88,83.5
Or,2020-03-06,13,30.9
Or,2020-03-08,5,15.3
Or,2020-03-09,30,32.8
Or,2020-03-10,6,5.9
Or,2020-03-11,11,14.4
Or,2020-03-12,15,18.0
Or,2020-03-13,136,135.0
Or,2020-03-14,51,59.9
Or,2020-03-15,53,82.3
Or,2020-03-16,163,188.7
Or,2020-03-17,31,34.4
Or,2020-03-18,165,235.3
Or,2020-03-19,1,2.9
Or,2020-03-20,22,44.0
Or,2020-03-22,20,33.8
Or,2020-03-23,35,40.2
Or,2020-03-24,62,57.4
Or,2020-03-25,68,201.1
Or,2020-03-26,51,43.4
Or,2020-03-27,6,18.8
Or,2020-03-29,17,40.2
Or,2020-03-30,9,13.2
Or,2020-03-31,21,29.9
Or,2020-04-01,12,41.3
Or,2020-04-02,3,2.9
Or,2020-04-05,96,85.3
Or,2020-04-06,60,88.2
Or,2020-04-07,41,53.0
Or,2020-04-12,40,53.6
Or,2020-04-13,36,52.8
Or,2020-04-14,34,23.0
Or,2020-04-15,19,29.0
Or,2020-04-16,16,24.0
Or,2020-04-17,29,36.3
Or,2020-04-18,22,30.5
Or,2020-04-20,33,38.9
Or,2020-04-23,44,56.1
Or,2020-04-24,20,17.4
Or,2020-04-25,9,9.7
Or,2020-04-26,61,83.3
Or,2020-04-27,5,13.1
Or,2020-04-28,2,2.8
Or,2020-04-29,3,7.8
Or,2020-04-30,70,101.5
Or,2020-05-01,7,11.6
Or,2020-05-02,38,17.0
Or,2020-05-04,15,27.0
Or,2020-05-05,48,32.6
Or,2020-05-06,35,75.1
Or,2020-05-07,106,175.2
Or,2020-05-08,6,10.5
Or,2020-05-09,60,92.0
Or,2020-05-10,68,130.9
Or,2020-05-11,55,49.0
Or,2020-05-12,4,7.3
Or,2020-05-13,43,93.2
Or,2020-05-14,18,37.4
Or,2020-05-15,146,136.7
Or,2020-05-16,17,17.9
Or,2020-05-17,9,6.7
Or,2020-05-18,17,26.7
Or,2020-05-19,17,16.1
Or,2020-05-20,7,5.4
Or,2020-05-22,112,168.2
Or,2020-05-23,14,31.7
Or,2020-05-24,18,38.3
Or,2020-05-25,1,0.2
Or,2020-05-27,16,37.5
Or,2020-05-28,74,140.0
Or,2020-05-29,32,11.5
Or,2020-05-30,42,68.7
Or,2020-05-31,16,18.1
Or,2020-06-01,17,36.7
Or,2020-06-02,80,68.2
Or,2020-06-03,7,11.6
Or,2020-06-04,20,29.7
Or,2020-06-05,84,94.5
Or,2020-06-06,76,129.7
Or,2020-06-07,1,1.4
Or,2020-06-08,55,73.5
Or,2020-06-09,22,25.6
Or,2020-06-10,66,67.9
Or,2020-06-11,43,45.9
Or,2020-06-12,117,174.2
Or,2020-06-13,168,76.8
Or,2020-06-14,4,5.1
Or,2020-06-15,20,36.0
Or,2020-06-16,62,105.7
Or,2020-06-17,5,21.2
Or,2020-06-18,25,62.9
Or,2020-06-19,167,167.1
Or,2020-06-20,49,64.3
Or,2020-06-21,21,30.4
Or,2020-06-22,22,6.6
Or,2020-06-23,6,20.6
Or,2020-06-24,10,7.6
Or,2020-06-25,46,54.5
Or,2020-06-26,14,15.4
Or,2020-06-27,34,60.1
Or,2020-06-28,39,64.9
Or,2020-06-30,23,61.0
Or,2020-07-01,167,296.3
Or,2020-07-02,43,69.9
Or,2020-07-03,88,151.3
Or,2020-07-04,111,92.5
Or,2020-07-05,26,24.8
Or,2020-07-07,2,0.3
Or,2020-07-08,26,32.5
Or,2020-07-09,19,27.6
Or,2020-07-10,123,146.0
Or,2020-07-11,9,21.4
Or,2020-07-13,41,38.7
Or,2020-07-14,10,25.7
Or,2020-07-15,30,24.6
Or,2020-07-17,64,117.1
Or,2020-07-18,56,42.0
Or,2020-07-20,56,62.4
Or,2020-07-22,34,31.1
Or,2020-07-23,29,33.3
Or,2020-07-24,115,116.3
Or,2020-07-25,3,10.7
Or,2020-07-26,20,24.0
Or,2020-07-27,96,65.0
Or,2020-07-28,2,1.2
Or,2020-07-29,19,33.9
Or,2020-07-30,35,29.0
Or,2020-07-31,57,127.8
Or,2020-08-01,87,128.7
Or,2020-08-02,27,28.3
Or,2020-08-03,19,38.4
Or,2020-08-05,41,51.9
Or,2020-08-06,14,35.5
Or,2020-08-07,44,63.6
Or,2020-08-08,97,89.7
Or,2020-08-09,85,124.4
Or,2020-08-10,25,42.9
Or,2020-08-11,17,14.5
Or,2020-08-13,81,138.7
Or,2020-08-14,103,74.5
Or,2020-08-15,80,112.5
Or,2020-08-16,16,15.6
Or,2020-08-17,2,7.9
Or,2020-08-18,15,48.0
Or,2020-08-20,30,37.2
Or,2020-08-21,68,119.4
Or,2020-08-22,125,223.7
Or,2020-08-23,10,40.8
Or,2020-08-24,32,27.5
Or,2020-08-27,47,71.4
Or,2020-08-28,1,1.7
Or,2020-08-29,71,71.5
Or,2020-08-30,40,65.4
Or,2020-08-31,31,82.4
Or,2020-09-01,13,38.0
Or,2020-09-02,13,18.3
Or,2020-09-03,14,43.7
Or,2020-09-04,36,112.4
Or,2020-09-05,51,102.7
Or,2020-09-07,10,39.2
Or,2020-09-09,1,0.0
Or,2020-09-10,48,64.4
Or,2020-09-11,53,64.1
Or,2020-09-12,9,10.3
Or,2020-09-14,39,39.6
Or,2020-09-15,21,45.8
Or,2020-09-17,50,69.1
Or,2020-09-18,9,16.0
Or,2020-09-20,10,27.5
Or,2020-09-21,66,124.4
Or,2020-09-23,22,24.2
Or,2020-09-25,24,47.5
Or,2020-09-28,26,30.8
Or,2020-09-30,16,61.5
Or,2020-10-03,16,41.0
Or,2020-10-04,28,66.1
Or,2020-10-05,24,36.7
Or,2020-10-06,9,28.9
Or,2020-10-07,21,51.3
Or,2020-10-08,35,31.7
Or,2020-10-09,75,115.7
Or,2020-10-11,9,22.9
Or,2020-10-12,35,36.7
Or,2020-10-14,3,10.1
Or,2020-10-16,2,2.1
Or,2020-10-19,11,7.7
Or,2020-10-20,18,35.8
Or,2020-10-22,14,31.9
Or,2020-10-23,26,56.4
Or,2020-10-24,41,69.0
Or,2020-10-25,50,111.6
Or,2020-10-27,17,43.9
Or,2020-10-28,13,9.3
Or,2020-10-29,37,85.5
Or,2020-10-30,88,113.6
Or,2020-10-31,16,22.3
Or,2020-11-01,10,15.8
Or,2020-11-03,20,37.3
Or,2020-11-05,34,40.1
Or,2020-11-06,115,142.1
Or,2020-11-07,43,88.7
Or,2020-11-08,29,31.6
Or,2020-11-10,29,24.0
Or,2020-11-12,40,35.1
Or,2020-11-13,7,21.3
Or,2020-11-14,16,33.7
Or,2020-11-15,17,41.7
Or,2020-11-16,15,41.0
Or,2020-11-17,8,24.9
Or,2020-11-19,11,28.8
Or,2020-11-20,52,106.6
Or,2020-11-21,22,26.7
Or,2020-11-22,7,20.8
Or,2020-11-24,8,22.6
Or,2020-11-25,21,56.0
Or,2020-11-26,6,5.0
Or,2020-11-28,6,11.2
Or,2020-12-01,3,9.0
Or,2020-12-02,81,138.4
Or,2020-12-03,8,17.3
Or,2020-12-04,7,15.7
Or,2020-12-06,15,17.1
Or,2020-12-08,11,27.9
Or,2020-12-10,69,100.4
Or,2020-12-11,106,162.4
Or,2020-12-13,29,73.1
Or,2020-12-15,9,26.6
Or,2020-12-17,14,30.0
Or,2020-12-21,9,25.5
Or,2020-12-22,8,20.3
Or,2020-12-24,32,93.8
Or,2020-12-25,30,76.5
Or,2020-12-26,7,14.9
Or,2020-12-29,6,17.2
Or,2020-12-30,22,44.0
Or,2020-12-31,41,67.3
Or,2021-01-02,7,23.1
Or,2021-01-03,9,25.6
Or,2021-01-04,7,24.6
Or,2021-01-06,12,35.9
Or,2021-01-07,6,19.0
Or,2021-01-08,5,8.6
Or,2021-01-09,19,30.2
Or,2021-01-10,6,11.7
Or,2021-01-11,16,48.3
Or,2021-01-13,5,17.5
Or,2021-01-14,17,54.8
Or,2021-01-16,25,44.2
Or,2021-01-18,1,0.2
Or,2021-01-19,18,42.8
Or,2021-01-20,19,36.8
Or,2021-01-24,14,19.8
Or,2021-01-26,17,53.7
Or,2021-01-27,8,29.4
Or,2021-01-29,1,0.0
Or,2021-01-30,36,69.8
Or,2021-02-01,8,17.4
Or,2021-02-02,8,23.7
Or,2021-02-04,7,20.5
Or,2021-02-06,6,13.2
Or,2021-02-08,7,20.2
Or,2021-02-09,25,64.7
Or,2021-02-10,93,163.0
Or,2021-02-11,23,48.7
Or,2021-02-12,15,16.4
Or,2021-02-14,50,102.3
Or,2021-02-15,10,15.1
Or,2021-02-16,7,16.2
Or,2021-02-18,115,163.5
Or,2021-02-19,21,6.5
Or,2021-02-20,122,240.4
Or,2021-02-21,8,13.0
Or,2021-02-22,5,12.9
Or,2021-02-23,31,68.3
Or,2021-02-24,5,19.7
Or,2021-02-26,5,6.2
Or,2021-02-27,9,25.0
Or,2021-03-01,9,24.0
Or,2021-03-03,5,14.9
Or,2021-03-04,15,23.4
Or,2021-03-05,78,155.8
Or,2021-03-08,4,14.1
Or,2021-03-09,18,40.7
Or,2021-03-10,24,51.6
Or,2021-03-12,116,216.9
Or,2021-03-13,7,22.8
Or,2021-03-14,22,65.3
Or,2021-03-15,10,21.8
Or,2021-03-16,61,84.6
Or,2021-03-17,10,25.1
Or,2021-03-18,39,50.1
Or,2021-03-21,11,17.5
Or,2021-03-22,31,62.4
Or,2021-03-23,25,40.4
Or,2021-03-24,12,22.6
Or,2021-03-25,134,312.3
Or,2021-03-26,120,166.8
Or,2021-03-27,13,40.0
Or,2021-03-30,13,24.9
Or,2021-03-31,2,5.4
Or,2021-04-01,6,18.6
Or,2021-04-02,50,102.7
Or,2021-04-05,54,119.4
Or,2021-04-06,17,27.7
Or,2021-04-08,24,33.6
Or,2021-04-09,188,210.3
Or,2021-04-12,47,98.6
Or,2021-04-13,8,14.9
Or,2021-04-14,18,43.3
Or,2021-04-15,25,41.1
Or,2021-04-16,107,147.7
Or,2021-04-17,16,7.6
Or,2021-04-18,13,19.2
Or,2021-04-19,51,59.8
Or,2021-04-21,21,51.8
Or,2021-04-22,49,106.1
Or,2021-04-23,174,220.3
Or,2021-04-24,10,23.0
Or,2021-04-25,9,12.3
Or,2021-04-26,50,67.7
Or,2021-04-27,27,50.6
Or,2021-04-28,35,31.8
Or,2021-04-29,93,162.8
Or,2021-04-30,45,54.2
Or,2021-05-02,1,1.4
Or,2021-05-03,44,11.7
Or,2021-05-05,20,13.1
Or,2021-05-06,5,18.0
Or,2021-05-07,70,118.1
Or,2021-05-08,4,11.9
Or,2021-05-09,4,13.1
Or,2021-05-10,29,57.4
Or,2021-05-13,4,14.1
Or,2021-05-14,102,168.6
Or,2021-05-15,5,14.8
Or,2021-05-17,11,26.2
Or,2021-05-18,5,15.0
Or,2021-05-19,3,5.0
Or,2021-05-20,4,12.9
Or,2021-05-21,94,163.4
Or,2021-05-22,31,44.3
Or,2021-05-23,7,11.8
Or,2021-05-24,8,24.6
Or,2021-05-25,7,19.0
Or,2021-05-26,24,44.3
Or,2021-05-27,21,32.9
Or,2021-05-28,61,93.3
Or,2021-05-29,14,29.7
Or,2021-05-30,96,144.8
Or,2021-05-31,9,12.6
Or,2021-06-01,5,15.6
Or,2021-06-02,19,40.5
Or,2021-06-03,27,25.5
Or,2021-06-04,145,174.1
Or,2021-06-05,8,15.5
Or,2021-06-06,51,15.0
Or,2021-06-07,48,52.0
Or,2021-06-08,49,49.4
Or,2021-06-09,16,32.0
Or,2021-06-10,14,12.0
Or,2021-06-12,18,40.8
Or,2021-06-13,7,12.5
Or,2021-06-14,5,5.2
Or,2021-06-15,10,28.2
Or,2021-06-16,19,16.5
Or,2021-06-17,65,124.8
Or,2021-06-18,25,19.9
Or,2021-06-19,12,20.2
Or,2021-06-20,11,14.8
Or,2021-06-21,13,23.9
Or,2021-06-22,28,31.4
Or,2021-06-23,19,15.7
Or,2021-06-24,53,93.1
Or,2021-06-25,4,9.7
Or,2021-06-26,59,34.5
Or,2021-06-27,19,10.2
Or,2021-06-28,46,44.1
Or,2021-06-29,5,12.5
Or,2021-06-30,6,17.4
Or,2021-07-01,14,19.2
Or,2021-07-02,85,133.1
Or,2021-07-03,57,82.2
Or,2021-07-04,14,20.0
Or,2021-07-05,25,21.4
Or,2021-07-06,49,94.8
Or,2021-07-07,6,13.4
Or,2021-07-08,101,123.0
Or,2021-07-09,155,169.6
Or,2021-07-10,38,26.3
Or,2021-07-11,2,7.6
Or,2021-07-12,19,49.9
Or,2021-07-13,39,46.3
Or,2021-07-14,5,12.2
Or,2021-07-15,60,69.5
Or,2021-07-16,127,141.9
Or,2021-07-17,4,10.4
Or,2021-07-18,32,62.1
Or,2021-07-21,8,22.1
Or,2021-07-22,37,46.2
Or,2021-07-23,49,99.0
Or,2021-07-25,10,28.5
Or,2021-07-26,45,37.6
Or,2021-07-27,17,11.4
Or,2021-07-28,5,8.9
Or,2021-07-29,22,27.8
Or,2021-07-30,100,207.5
Or,2021-07-31,18,7.6
Or,2021-08-01,90,73.2
Or,2021-08-02,29,15.1
Or,2021-08-03,35,37.5
Or,2021-08-04,10,3.5
Or,2021-08-05,120,147.6
Or,2021-08-06,9,14.2
Or,2021-08-07,7,16.5
Or,2021-08-08,20,59.6
Or,2021-08-09,40,55.8
Or,2021-08-10,28,37.8
Or,2021-08-11,21,37.7
Or,2021-08-12,34,35.4
Or,2021-08-13,87,154.0
Or,2021-08-14,77,126.8
Or,2021-08-15,12,25.2
Or,2021-08-16,11,27.0
Or,2021-08-17,6,15.7
Or,2021-08-18,19,46.5
Or,2021-08-19,1,3.9
Or,2021-08-20,84,144.3
Or,2021-08-22,17,19.2
Or,2021-08-23,59,52.8
Or,2021-08-24,50,71.0
Or,2021-08-25,6,13.7
Or,2021-08-26,19,65.2
Or,2021-08-27,28,72.4
Or,2021-08-28,5,17.5
Or,2021-08-29,8,23.2
Or,2021-08-30,23,42.4
Or,2021-08-31,6,10.1
Or,2021-09-01,5,14.1
Or,2021-09-02,14,12.3
Or,2021-09-03,50,69.5
Or,2021-09-04,6,19.3
Or,2021-09-05,29,59.6
Or,2021-09-06,70,122.7
Or,2021-09-07,6,19.2
Or,2021-09-08,6,16.0
Or,2021-09-09,26,36.4
Or,2021-09-10,114,177.9
Or,2021-09-11,31,30.1
Or,2021-09-12,26,54.0
Or,2021-09-13,36,66.4
Or,2021-09-14,24,43.7
Or,2021-09-15,39,79.2
Or,2021-09-16,71,92.7
Or,2021-09-17,117,190.3
Or,2021-09-18,36,39.7
Or,2021-09-19,67,82.0
Or,2021-09-20,224,234.6
Or,2021-09-21,13,18.2
Or,2021-09-22,6,14.6
Or,2021-09-23,10,25.8
Or,2021-09-24,99,190.1
Or,2021-09-25,26,73.0
Or,2021-09-26,65,111.5
Or,2021-09-27,52,105.5
Or,2021-09-28,8,15.5
Or,2021-09-29,41,48.4
Or,2021-09-30,89,111.8
Or,2021-10-01,67,115.7
Or,2021-10-02,14,13.3
Or,2021-10-03,26,41.6
Or,2021-10-04,33,81.3
Or,2021-10-07,12,14.0
Or,2021-10-08,83,139.1
Or,2021-10-09,12,9.6
Or,2021-10-10,18,19.5
Or,2021-10-12,11,27.4
Or,2021-10-13,30,74.3
Or,2021-10-14,20,33.8
Or,2021-10-15,89,142.7
Or,2021-10-16,63,104.0
Or,2021-10-17,15,35.5
Or,2021-10-18,85,120.6
Or,2021-10-19,10,19.6
Or,2021-10-20,5,12.6
Or,2021-10-21,76,115.3
Or,2021-10-22,64,118.1
Or,2021-10-23,7,16.3
Or,2021-10-24,9,25.2
Or,2021-10-25,28,68.9
Or,2021-10-26,57,82.6
Or,2021-10-27,62,144.7
Or,2021-10-28,57,88.9
Or,2021-10-29,88,210.1
Or,2021-10-30,55,160.7
Or,2021-10-31,90,173.5
Or,2021-11-01,28,55.6
Or,2021-11-02,55,125.4
Or,2021-11-03,48,96.3
Or,2021-11-04,62,153.2
Or,2021-11-06,55,176.0
Or,2021-11-07,55,114.7
Or,2021-11-08,191,297.8
Or,2021-11-09,40,76.3
Or,2021-11-10,48,116.9
Or,2021-11-11,47,95.1
Or,2021-11-12,70,109.5
Or,2021-11-13,12,16.6
Or,2021-11-14,64,95.2
Or,2021-11-15,17,45.7
Or,2021-11-16,45,67.1
Or,2021-11-17,33,75.7
Or,2021-11-18,58,72.8
Or,2021-11-19,75,107.5
Or,2021-11-20,12,20.8
Or,2021-11-21,62,119.7
Or,2021-11-22,30,58.5
Or,2021-11-23,17,31.0
Or,2021-11-24,46,88.0
Or,2021-11-25,56,50.2
Or,2021-11-26,120,163.3
Or,2021-11-27,39,59.0
Or,2021-11-28,80,182.5
Or,2021-11-29,65,107.8
Or,2021-11-30,29,60.8
Or,2021-12-01,48,36.9
Or,2021-12-03,14,22.6
Or,2021-12-04,112,185.9
Or,2021-12-05,46,106.5
Or,2021-12-06,39,50.3
Or,2021-12-07,79,163.8
Or,2021-12-08,29,81.9
Or,2021-12-09,68,126.4
Or,2021-12-10,121,161.4
Or,2021-12-12,26,47.9
Or,2021-12-13,17,42.1
Or,2021-12-14,42,82.7
Or,2021-12-15,73,100.9
Or,2021-12-16,17,50.3
Or,2021-12-17,93,134.8
Or,2021-12-18,51,85.1
Or,2021-12-19,53,107.5
Or,2021-12-20,76,77.8
Or,2021-12-21,24,48.0
Or,2021-12-22,23,64.7
Or,2021-12-23,29,68.3
Or,2021-12-24,67,155.8
Or,2021-12-25,26,11.1
Or,2021-12-26,47,80.9
Or,2021-12-27,83,166.1
Or,2021-12-28,19,61.3
Or,2021-12-29,66,154.2
Or,2021-12-30,24,69.4
Or,2021-12-31,78,165.2
Or,2022-01-01,29,69.2
Or,2022-01-02,66,96.3
Or,2022-01-03,36,44.7
Or,2022-01-04,15,39.8
Or,2022-01-05,19,32.3
Or,2022-01-06,33,91.5
Or,2022-01-07,61,121.4
Or,2022-01-08,16,29.3
Or,2022-01-09,29,61.5
Or,2022-01-10,4,12.6
Or,2022-01-11,28,74.0
Or,2022-01-12,26,70.1
Or,2022-01-13,28,62.5
Or,2022-01-14,69,78.0
Or,2022-01-16,34,84.3
Or,2022-01-17,108,161.1
Or,2022-01-18,30,68.0
Or,2022-01-19,49,106.0
Or,2022-01-20,64,103.0
Or,2022-01-22,5,17.0
Or,2022-01-23,13,42.0
Or,2022-01-24,24,55.8
Or,2022-01-25,17,48.0
Or,2022-01-26,58,112.0
Or,2022-01-27,28,76.6
Or,2022-01-28,69,114.4
Or,2022-01-29,44,85.2
Or,2022-01-30,35,70.3
Or,2022-01-31,70,149.3
Or,2022-02-01,25,64.8
Or,2022-02-02,47,94.8
Or,2022-02-03,42,103.9
Or,2022-02-04,12,37.2
Or,2022-02-06,52,114.3
Or,2022-02-07,84,167.1
Or,2022-02-08,27,77.8
Or,2022-02-09,38,96.0
Or,2022-02-11,99,164.4
Or,2022-02-12,83,188.3
Or,2022-02-13,39,85.7
Or,2022-02-14,6,17.8
Or,2022-02-15,36,114.2
Or,2022-02-16,55,89.3
Or,2022-02-17,14,28.1
Or,2022-02-18,68,122.9
Or,2022-02-19,29,76.8
Or,2022-02-20,14,22.4
Or,2022-02-21,82,144.5
Or,2022-02-22,17,36.6
Or,2022-02-23,36,39.5
Or,2022-02-24,33,80.0
Or,2022-02-25,233,227.8
Or,2022-02-26,112,107.5
Or,2022-02-27,23,47.0
Or,2022-02-28,48,80.1
Or,2022-03-01,11,18.3
Or,2022-03-04,46,101.0
Or,2022-03-05,11,19.4
Or,2022-03-06,6,14.5
Or,2022-03-07,100,233.8
Or,2022-03-08,4,18.0
Or,2022-03-10,48,107.5
Or,2022-03-11,9,23.6
Or,2022-03-25,16,44.6
Or,2022-03-28,6,16.7
Or,2022-03-29,43,92.4
Or,2022-03-30,33,88.7
Or,2022-03-31,8,21.3
Or,2022-04-01,27,72.3
Or,2022-04-02,5,15.4
Or,2022-04-03,75,108.1
Or,2022-04-04,64,138.6
Or,2022-04-05,11,31.0
Or,2022-04-06,33,68.4
Or,2022-04-07,30,79.9
Or,2022-04-08,17,35.3
Or,2022-04-09,15,38.1
Or,2022-04-10,19,54.9
Or,2022-04-11,24,44.9
Or,2022-04-12,51,79.0
Or,2022-04-13,25,55.9
Or,2022-04-14,39,103.1
Or,2022-04-15,39,108.0
Or,2022-04-16,1,3.7
Or,2022-04-17,55,188.5
Or,2022-04-18,36,86.3
Or,2022-04-19,48,98.7
Or,2022-04-20,28,52.3
Or,2022-04-21,33,53.0
Or,2022-04-23,46,87.5
Or,2022-04-24,7,27.7
Or,2022-04-25,82,104.9
Or,2022-04-26,19,58.9
Or,2022-04-27,18,20.3
Or,2022-04-28,73,147.0
Or,2022-04-29,14,28.3
Or,2022-04-30,35,52.4
Or,2022-05-01,29,98.6
Or,2022-05-02,79,184.6
Or,2022-05-03,58,136.8
Or,2022-05-04,73,162.7
Or,2022-05-05,65,190.3
Or,2022-05-06,47,125.0
Or,2022-05-07,28,56.0
Or,2022-05-08,38,80.5
Or,2022-05-09,60,132.1
Or,2022-05-10,19,27.5
Or,2022-05-11,11,27.5
Or,2022-05-12,30,77.6
Or,2022-05-13,42,77.2
Or,2022-05-15,39,81.7
Or,2022-05-16,99,237.2
Or,2022-05-17,31,93.8
Or,2022-05-18,30,57.1
Or,2022-05-19,66,102.9
Or,2022-05-20,122,202.3
Or,2022-05-21,26,19.8
Or,2022-05-22,34,82.6
Or,2022-05-23,187,276.3
Or,2022-05-24,44,87.5
Or,2022-05-25,49,111.7
Or,2022-05-26,98,168.8
Or,2022-05-27,49,133.8
Or,2022-05-28,54,184.9
Or,2022-05-29,15,51.3
Or,2022-05-30,39,96.5
Or,2022-05-31,40,97.3
Or,2022-06-01,35,100.0
Or,2022-06-02,54,152.7
Or,2022-06-03,71,151.6
Or,2022-06-04,22,15.9
Or,2022-06-06,97,201.5
Or,2022-06-07,53,166.2
Or,2022-06-08,67,105.7
Or,2022-06-09,84,192.3
Or,2022-06-10,25,60.7
Or,2022-06-11,10,18.4
Or,2022-06-12,59,88.3
Or,2022-06-13,77,80.3
Or,2022-06-14,37,103.6
Or,2022-06-15,68,122.3
Or,2022-06-16,53,130.9
Or,2022-06-17,13,22.1
Or,2022-06-19,13,29.7
Or,2022-06-20,47,115.8
Or,2022-06-21,96,207.6
Or,2022-06-22,142,301.1
Or,2022-06-23,56,118.0
Or,2022-06-24,18,57.1
Or,2022-06-25,5,17.7
Or,2022-06-26,43,112.8
Or,2022-06-27,69,110.8
Or,2022-06-28,20,46.3
Or,2022-06-29,31,83.9
Or,2022-06-30,38,86.7
Or,2022-07-01,42,95.0
Or,2022-07-02,27,58.8
Or,2022-07-03,95,181.8
Or,2022-07-04,32,96.1
Or,2022-07-05,51,103.1
Or,2022-07-06,47,125.4
Or,2022-07-07,67,144.3
Or,2022-07-08,5,15.7
Or,2022-07-09,43,109.0
Or,2022-07-10,13,41.0
Or,2022-07-11,111,322.7
Or,2022-07-12,91,214.4
Or,2022-07-13,35,101.2
Or,2022-07-14,28,84.9
Or,2022-07-15,7,3.9
Or,2022-07-16,4,14.4
Or,2022-07-17,43,112.4
Or,2022-07-18,74,248.3
Or,2022-07-19,5,26.2
Or,2022-07-20,36,110.8
Or,2022-07-21,29,44.0
Or,2022-07-22,46,118.0
Or,2022-07-24,23,52.5
Or,2022-07-25,20,56.2
Or,2022-07-26,18,46.2
Or,2022-07-27,39,53.3
Or,2022-07-28,73,280.0
Or,2022-07-29,16,45.3
Or,2022-07-31,46,141.1
Or,2022-08-01,17,37.0
Or,2022-08-02,7,15.8
Or,2022-08-03,5,16.5
Or,2022-08-04,17,27.0
Or,2022-08-05,8,22.2
Or,2022-08-07,54,145.8
Or,2022-08-08,52,98.0
Or,2022-08-09,47,189.2
Or,2022-08-10,11,27.3
Or,2022-08-11,50,57.7
Or,2022-08-12,81,74.8
Or,2022-08-13,32,90.6
Or,2022-08-14,13,24.2
Or,2022-08-15,11,22.2
Or,2022-08-16,34,44.4
Or,2022-08-17,18,28.2
Or,2022-08-18,4,11.2
Or,2022-08-19,69,82.9
Or,2022-08-21,16,20.5
Or,2022-08-23,36,54.5
Or,2022-08-24,51,38.3
Or,2022-08-25,51,83.2
Or,2022-08-26,29,47.9
Or,2022-08-28,2,8.4
Or,2022-08-29,77,70.5
Or,2022-08-30,54,73.2
Or,2022-08-31,47,97.3
Or,2022-09-01,46,66.1
Or,2022-09-02,33,64.8
Or,2022-09-04,18,59.1
Or,2022-09-05,77,159.0
Or,2022-09-06,14,33.8
Or,2022-09-07,13,44.1
Or,2022-09-08,42,102.9
Or,2022-09-11,13,24.1
Or,2022-09-12,8,26.4
Or,2022-09-13,12,43.2
Or,2022-09-14,6,26.0
Or,2022-09-15,17,37.8
Or,2022-09-16,15,39.4
Or,2022-09-17,11,41.3
Or,2022-09-18,24,77.4
Or,2022-09-19,83,78.5
Or,2022-09-20,9,20.9
Or,2022-09-21,17,45.3
Or,2022-09-22,68,87.4
Or,2022-09-23,80,100.9
Or,2022-09-24,75,104.2
Or,2022-09-25,12,10.0
Or,2022-09-26,7,13.5
Or,2022-09-27,4,10.4
Or,2022-09-28,5,10.7
Or,2022-09-29,61,102.1
Or,2022-09-30,117,192.9
Or,2022-10-01,25,52.6
Or,2022-10-02,7,13.0
Or,2022-10-03,13,32.3
Or,2022-10-04,20,28.9
Or,2022-10-06,56,87.0
Or,2022-10-07,20,38.7
Or,2022-10-08,24,22.0
Or,2022-10-09,4,12.1
Or,2022-10-10,6,9.7
Or,2022-10-11,59,105.8
Or,2022-10-12,27,58.3
Or,2022-10-13,135,156.0
Or,2022-10-14,10,12.2
Or,2022-10-15,48,66.2
Or,2022-10-16,32,40.8
Or,2022-10-17,82,88.7
Or,2022-10-18,61,99.7
Or,2022-10-19,10,34.9
Or,2022-10-20,17,47.0
Or,2022-10-21,53,82.6
Or,2022-10-22,26,35.0
Or,2022-10-23,12,8.7
Or,2022-10-24,8,19.6
Or,2022-10-25,16,31.3
Or,2022-10-26,65,87.8
Or,2022-10-27,27,46.4
Or,2022-10-28,7,15.0
Or,2022-10-29,26,86.8
Or,2022-10-30,47,86.9
Or,2022-10-31,76,149.2
Or,2022-11-02,26,56.8
Or,2022-11-05,9,25.4
Or,2022-11-06,34,80.7
Or,2022-11-07,92,162.3
Or,2022-11-08,45,93.1
Or,2022-11-09,27,67.1
Or,2022-11-10,16,37.6
Or,2022-11-11,17,56.3
Or,2022-11-13,36,70.9
Or,2022-11-14,12,23.5
Or,2022-11-15,9,33.0
Or,2022-11-16,10,41.3
Or,2022-11-17,7,10.4
Or,2022-11-18,3,4.7
Or,2022-11-19,33,68.9
Or,2022-11-20,60,111.5
Or,2022-11-21,19,51.7
Or,2022-11-22,49,93.3
Or,2022-11-23,20,56.2
Or,2022-11-24,11,20.5
Or,2022-11-25,25,44.7
Or,2022-11-26,35,42.9
Or,2022-11-27,39,78.0
Or,2022-11-28,22,53.1
Or,2022-11-29,36,97.6
Or,2022-11-30,103,122.8
Or,2022-12-01,15,40.8
Or,2022-12-02,4,11.6
Or,2022-12-03,9,25.4
Or,2022-12-04,27,42.0
Or,2022-12-05,22,46.2
Or,2022-12-06,82,183.4
Or,2022-12-07,41,82.5
Or,2022-12-08,25,44.4
Or,2022-12-09,50,122.7
Or,2022-12-10,54,77.7
Or,2022-12-11,50,45.0
Or,2022-12-12,34,71.4
Or,2022-12-13,41,100.3
Or,2022-12-14,48,104.1
Or,2022-12-15,33,27.9
Or,2022-12-16,26,39.2
Or,2022-12-17,14,45.0
Or,2022-12-18,35,73.7
Or,2022-12-19,24,46.1
Or,2022-12-20,78,163.9
Or,2022-12-21,36,64.0
Or,2022-12-22,27,61.8
Or,2022-12-23,70,139.2
Or,2022-12-24,10,22.2
Or,2022-12-25,33,45.7
Or,2022-12-26,35,56.4
Or,2022-12-27,65,103.2
Or,2022-12-28,46,101.6
Or,2022-12-29,16,34.2
Or,2022-12-30,40,84.9
Or,2022-12-31,7,21.1
Or,2023-01-01,51,122.1
Or,2023-01-02,88,109.3
Or,2023-01-03,47,110.6
Or,2023-01-04,97,130.6
Or,2023-01-05,28,56.3
Or,2023-01-06,68,151.8
Or,2023-01-07,7,15.7
Or,2023-01-08,68,97.2
Or,2023-01-09,57,101.4
Or,2023-01-10,53,97.8
Or,2023-01-11,81,88.0
Or,2023-01-12,28,58.8
Or,2023-01-13,21,63.8
Or,2023-01-14,7,10.5
Or,2023-01-16,23,60.3
Or,2023-01-17,114,195.9
Or,2023-01-18,61,96.4
Or,2023-01-19,14,42.9
Or,2023-01-20,54,130.5
Or,2023-01-21,43,126.6
Or,2023-01-22,92,144.5
Or,2023-01-23,15,30.2
Or,2023-01-24,91,238.9
Or,2023-01-25,105,120.2
Or,2023-01-26,43,114.8
Or,2023-01-27,101,139.9
Or,2023-01-28,68,104.2
Or,2023-01-29,56,122.8
Or,2023-01-30,15,46.9
Or,2023-01-31,133,251.9
Or,2023-02-01,26,51.4
Or,2023-02-02,19,56.3
Or,2023-02-03,78,182.9
Or,2023-02-04,36,99.8
Or,2023-02-05,79,141.6
Or,2023-02-06,40,98.8
Or,2023-02-07,64,135.5
Or,2023-02-08,47,88.6
Or,2023-02-09,16,51.6
Or,2023-02-10,39,69.5
Or,2023-02-12,65,102.2
Or,2023-02-13,57,103.5
Or,2023-02-14,44,110.3
Or,2023-02-15,73,170.4
Or,2023-02-16,10,30.2
Or,2023-02-17,6,16.7
Or,2023-02-18,17,60.7
Or,2023-02-19,14,31.8
Or,2023-02-20,80,169.7
Or,2023-02-21,87,228.0
Or,2023-02-22,71,168.6
Or,2023-02-24,65,114.5
Or,2023-02-25,57,117.5
Or,2023-02-26,54,111.3
Or,2023-02-27,20,65.4
Or,2023-02-28,30,60.8
Or,2023-03-01,6,16.9
Or,2023-03-02,6,18.1
Or,2023-03-03,12,30.4
Or,2023-03-05,18,53.5
Or,2023-03-06,23,56.7
Or,2023-03-07,36,107.7
Or,2023-03-08,73,142.9
Or,2023-03-09,7,22.6
Or,2023-03-10,17,45.1
Or,2023-03-12,48,105.7
Or,2023-03-13,38,93.2
Or,2023-03-14,16,43.3
Or,2023-03-15,11,34.0
Or,2023-03-16,16,45.3
Or,2023-03-17,53,108.4
Or,2023-03-18,73,79.5
Or,2023-03-19,9,8.9
Or,2023-03-20,75,220.4
Or,2023-03-21,67,145.5
Or,2023-03-22,93,144.4
Or,2023-03-23,24,44.4
Or,2023-03-24,54,116.5
Or,2023-03-26,15,46.1
Or,2023-03-27,62,127.8
Or,2023-03-28,29,63.6
Or,2023-03-29,34,47.1
Or,2023-03-30,3,0.1
Or,2023-03-31,30,58.7
Or,2023-04-01,18,46.0
Or,2023-04-02,45,105.7
Or,2023-04-03,13,40.5
Or,2023-04-04,19,55.4
Or,2023-04-05,19,48.9
Or,2023-04-06,4,15.8
Or,2023-04-07,43,60.5
Or,2023-04-08,99,227.5
Or,2023-04-10,32,63.5
Or,2023-04-11,30,49.1
Or,2023-04-12,28,42.5
Or,2023-04-13,178,160.7
Or,2023-04-14,64,96.2
Or,2023-04-15,17,38.6
Or,2023-04-16,37,76.5
Or,2023-04-17,57,106.7
Or,2023-04-18,117,261.7
Or,2023-04-19,37,106.8
Or,2023-04-20,97,159.3
Or,2023-04-21,23,42.8
Or,2023-04-22,14,22.4
Or,2023-04-23,11,19.6
Or,2023-04-24,120,142.2
Or,2023-04-25,48,97.4
Or,2023-04-26,34,52.2
Or,2023-04-27,17,43.5
Or,2023-04-28,27,57.3
Or,2023-04-30,2,0.1
Or,2023-05-01,41,54.2
Or,2023-05-02,36,80.3
Or,2023-05-03,45,102.7
Or,2023-05-04,11,19.8
Or,2023-05-05,14,22.4
Or,2023-05-06,6,6.8
Or,2023-05-07,92,179.2
Or,2023-05-08,36,98.7
Or,2023-05-09,4,11.2
Or,2023-05-10,15,51.1
Or,2023-05-11,47,93.1
Or,2023-05-12,82,140.2
Or,2023-05-13,9,24.8
Or,2023-05-14,72,151.8
Or,2023-05-15,68,140.1
Or,2023-05-16,26,75.7
Or,2023-05-17,16,42.9
Or,2023-05-18,45,91.3
Or,2023-05-19,90,158.8
Or,2023-05-20,58,113.4
Or,2023-05-21,31,77.3
Or,2023-05-22,41,112.8
Or,2023-05-23,54,69.4
Or,2023-05-24,44,100.4
Or,2023-05-25,42,79.9
Or,2023-05-26,5,17.3
Or,2023-05-27,28,59.3
Or,2023-05-28,47,98.9
Or,2023-05-29,32,84.7
Or,2023-05-30,15,37.4
Or,2023-05-31,24,58.5
Or,2023-06-01,25,35.0
Or,2023-06-02,17,39.9
Or,2023-06-03,16,40.5
Or,2023-06-04,33,79.7
Or,2023-06-05,22,38.9
Or,2023-06-06,48,85.8
Or,2023-06-07,42,52.4
Or,2023-06-08,14,49.3
Or,2023-06-09,40,36.4
Or,2023-06-10,5,11.9
Or,2023-06-11,53,83.8
Or,2023-06-12,22,52.6
Or,2023-06-13,15,34.3
Or,2023-06-14,63,115.7
Or,2023-06-15,32,100.2
Or,2023-06-16,22,62.5
Or,2023-06-17,8,10.8
Or,2023-06-18,52,98.3
Or,2023-06-19,35,70.4
Or,2023-06-20,37,88.9
Or,2023-06-21,21,60.2
Or,2023-06-22,35,77.3
Or,2023-06-23,20,55.1
Or,2023-06-24,18,35.6
Or,2023-06-25,112,189.9
Or,2023-06-26,14,28.0
Or,2023-06-27,9,32.5
Or,2023-06-28,35,83.9
Or,2023-06-29,22,50.5
Or,2023-06-30,7,16.4
Or,2023-07-01,43,71.0
Or,2023-07-02,55,92.5
Or,2023-07-03,11,37.9
Or,2023-07-04,13,42.0
Or,2023-07-05,29,67.6
Or,2023-07-06,25,67.6
Or,2023-07-07,34,73.3
Or,2023-07-08,13,43.5
Or,2023-07-09,44,106.7
Or,2023-07-10,5,14.0
Or,2023-07-11,15,45.0
Or,2023-07-14,22,65.8
Or,2023-07-15,8,27.6
Or,2023-07-16,22,65.9
Or,2023-07-17,79,110.0
Or,2023-07-18,34,68.6
Or,2023-07-19,43,88.4
Or,2023-07-20,18,44.7
Or,2023-07-21,41,89.0
Or,2023-07-23,15,59.9
Or,2023-07-25,6,14.2
Or,2023-07-26,31,56.1
Or,2023-07-27,49,100.8
Or,2023-07-28,22,18.2
Or,2023-07-30,27,58.7
Or,2023-07-31,15,32.1
Or,2023-08-01,40,90.9
Or,2023-08-02,66,143.4
Or,2023-08-03,66,147.5
Or,2023-08-04,32,103.1
Or,2023-08-05,30,27.2
Or,2023-08-06,3,12.9
Or,2023-08-07,61,109.1
Or,2023-08-08,43,73.0
Or,2023-08-09,9,26.7
Or,2023-08-10,4,11.7
Or,2023-08-11,52,99.5
Or,2023-08-12,7,18.1
Or,2023-08-13,26,62.3
Or,2023-08-14,15,29.9
Or,2023-08-15,11,33.7
Or,2023-08-16,4,9.2
Or,2023-08-17,43,107.4
Or,2023-08-18,128,207.6
Or,2023-08-19,46,95.8
Or,2023-08-20,62,139.3
Or,2023-08-21,7,24.6
Or,2023-08-22,18,45.4
Or,2023-08-23,37,62.3
Or,2023-08-24,60,131.8
Or,2023-08-25,24,75.8
Or,2023-08-26,34,73.7
Or,2023-08-27,58,137.9
Or,2023-08-28,14,26.3
Or,2023-08-29,81,49.6
Or,2023-08-31,34,85.4
Or,2023-09-01,53,119.1
Or,2023-09-02,21,65.4
Or,2023-09-03,18,51.0
Or,2023-09-04,22,74.9
Or,2023-09-05,20,57.6
Or,2023-09-06,15,49.0
Or,2023-09-07,44,117.7
Or,2023-09-08,17,43.5
Or,2023-09-09,14,42.6
Or,2023-09-10,45,90.0
Or,2023-09-11,14,31.3
Or,2023-09-12,6,17.8
Or,2023-09-13,29,67.9
Or,2023-09-14,23,16.5
Or,2023-09-15,47,62.4
Or,2023-09-16,152,218.1
Or,2023-09-17,73,110.2
Or,2023-09-18,55,157.9
Or,2023-09-19,17,44.9
Or,2023-09-20,22,55.3
Or,2023-09-21,29,71.9
Or,2023-09-22,10,22.6
Or,2023-09-23,84,173.5
Or,2023-09-24,7,14.8
Or,2023-09-25,8,33.5
Or,2023-09-26,21,52.4
Or,2023-09-27,36,62.8
Or,2023-09-28,44,86.6
Or,2023-09-29,18,57.3
Or,2023-09-30,34,36.3
Or,2023-10-01,9,23.4
Or,2023-10-02,21,62.5
Or,2023-10-03,21,69.6
Or,2023-10-04,10,28.3
Or,2023-10-05,50,97.1
Or,2023-10-06,54,106.7
Or,2023-10-08,4,8.1
Or,2023-10-09,7,25.7
Or,2023-10-11,8,29.5
Or,2023-10-12,6,13.2
Or,2023-10-13,76,73.5
Or,2023-10-14,10,32.3
Or,2023-10-15,34,74.1
Or,2023-10-16,4,15.2
Or,2023-10-17,12,26.4
Or,2023-10-18,3,14.3
Or,2023-10-19,8,23.3
Or,2023-10-20,16,44.8
Or,2023-10-21,6,19.4
Or,2023-10-22,12,36.0
Or,2023-10-23,62,107.2
Or,2023-10-24,12,39.0
Or,2023-10-25,11,38.8
Or,2023-10-26,66,117.0
Or,2023-10-27,23,66.3
Or,2023-10-28,37,83.9
Or,2023-10-29,30,66.5
Or,2023-10-30,37,77.7
Or,2023-10-31,18,44.5
Or,2023-11-01,12,29.1
Or,2023-11-02,59,143.0
Or,2023-11-03,66,126.9
Or,2023-11-04,10,24.9
Or,2023-11-05,74,111.6
Or,2023-11-06,45,103.5
Or,2023-11-07,29,59.9
Or,2023-11-08,40,58.5
Or,2023-11-09,43,114.3
Or,2023-11-10,16,34.9
Or,2023-11-12,13,49.1
Or,2023-11-13,82,157.4
Or,2023-11-14,149,336.0
Or,2023-11-15,24,40.4
Or,2023-11-16,14,39.5
Or,2023-11-17,66,165.4
Or,2023-11-18,99,173.1
Or,2023-11-19,68,152.7
Or,2023-11-20,13,41.0
Or,2023-11-21,22,59.1
Or,2023-11-22,14,41.5
Or,2023-11-23,39,85.3
Or,2023-11-24,38,93.3
Or,2023-11-25,7,19.6
Or,2023-11-26,43,111.7
Or,2023-11-27,17,42.1
Or,2023-11-28,10,32.7
Or,2023-11-29,15,46.5
Or,2023-11-30,13,42.2
Or,2023-12-02,7,24.6
Or,2023-12-03,56,123.6
Or,2023-12-04,29,45.9
Or,2023-12-05,19,45.2
Or,2023-12-06,23,42.8
Or,2023-12-07,74,119.6
Or,2023-12-08,17,27.4
Or,2023-12-10,95,161.3
Or,2023-12-11,67,141.0
Or,2023-12-12,61,70.7
Or,2023-12-13,61,118.4
Or,2023-12-14,13,30.1
Or,2023-12-15,9,17.4
Or,2023-12-16,54,93.2
Or,2023-12-17,37,63.4
Or,2023-12-18,54,108.5
Or,2023-12-19,63,147.3
Or,2023-12-20,61,111.4
Or,2023-12-21,56,118.8
Or,2023-12-22,86,160.3
Or,2023-12-24,29,67.3
Or,2023-12-25,10,26.4
Or,2023-12-26,10,30.6
Or,2023-12-27,46,102.6
Or,2023-12-28,62,124.2
Or,2023-12-29,43,80.8
Or,2023-12-30,9,22.8
Or,2023-12-31,52,130.7
Or,2024-01-01,33,96.8
Or,2024-01-02,30,81.4
Or,2024-01-03,16,51.9
Or,2024-01-04,17,46.0
Or,2024-01-05,52,103.0
Or,2024-01-06,35,80.8
Or,2024-01-07,59,148.4
Or,2024-01-08,25,74.0
Or,2024-01-09,41,87.9
Or,2024-01-10,78,129.8
Or,2024-01-11,30,79.5
Or,2024-01-12,35,72.4
Or,2024-01-14,50,129.1
Or,2024-01-15,44,140.6
Or,2024-01-16,49,115.4
Or,2024-01-17,56,126.5
Or,2024-01-18,9,25.4
Or,2024-01-19,52,73.9
Or,2024-01-20,43,66.0
Or,2024-01-21,49,60.0
Or,2024-01-22,24,72.9
Or,2024-01-23,28,81.8
Or,2024-01-24,4,12.8
Or,2024-01-26,22,57.5
Or,2024-01-27,12,29.8
Or,2024-01-28,36,98.1
Or,2024-01-29,15,12.8
Or,2024-01-30,26,50.9
Or,2024-01-31,24,42.0
Or,2024-02-01,26,57.8
Or,2024-02-04,48,134.8
Or,2024-02-05,9,27.8
Or,2024-02-06,26,35.8
Or,2024-02-07,65,105.0
Or,2024-02-08,2,3.8
Or,2024-02-09,43,86.3
Or,2024-02-11,68,136.3
Or,2024-02-12,39,74.4
Or,2024-02-13,68,23.9
Or,2024-02-15,51,79.3
Or,2024-02-18,43,68.4
Or,2024-02-19,27,47.8
Or,2024-02-20,17,34.2
Or,2024-02-21,16,21.7
Or,2024-02-22,4,9.4
Or,2024-02-23,40,103.2
Or,2024-02-24,14,43.0
Or,2024-02-25,9,18.7
Or,2024-02-26,9,21.7
Or,2024-02-27,17,37.7
Or,2024-02-28,24,43.3
Or,2024-02-29,24,83.4
Or,2024-03-01,67,71.0
Or,2024-03-03,1,2.3
Or,2024-03-04,23,47.0
Or,2024-03-05,18,37.7
Or,2024-03-07,4,10.5
Or,2024-03-09,26,32.6
Or,2024-03-11,14,27.0
Or,2024-03-12,89,100.2
Or,2024-03-13,131,155.8
Or,2024-03-14,8,25.8
Or,2024-03-15,60,83.7
Or,2024-03-16,64,127.8
Or,2024-03-17,39,65.2
Or,2024-03-19,3,5.5
Or,2024-03-20,17,26.0
Or,2024-03-21,55,95.6
Or,2024-03-22,29,42.6
Or,2024-03-23,23,34.9
Or,2024-03-24,24,59.6
Or,2024-03-25,12,72.1
Or,2024-03-27,90,86.2
Or,2024-03-29,20,13.6
Or,2024-03-30,32,46.1
Or,2024-03-31,67,84.7
Or,2024-04-02,65,94.4
Or,2024-04-03,69,145.0
Or,2024-04-04,49,89.4
Or,2024-04-06,1,1.6
Or,2024-04-07,52,96.9
Or,2024-04-09,11,22.0
Or,2024-04-11,54,40.8
Or,2024-04-12,86,117.8
Or,2024-04-13,90,134.5
Or,2024-04-14,7,14.3
Or,2024-04-16,48,94.6
Or,2024-04-18,47,63.6
Or,2024-04-19,64,118.1
Or,2024-04-20,50,38.0
Or,2024-04-21,20,25.7
Or,2024-04-23,6,13.8
Or,2024-04-24,42,60.6
Or,2024-04-25,46,77.8
Or,2024-04-26,1,2.6
Or,2024-04-27,12,23.5
Or,2024-04-28,53,69.0
Or,2024-04-29,2,0.2
Or,2024-04-30,21,38.8
Or,2024-05-01,61,135.5
Or,2024-05-02,23,39.4
Or,2024-05-03,54,69.7
Or,2024-05-04,15,17.3
Or,2024-05-05,87,91.7
Or,2024-05-06,44,69.9
Or,2024-05-07,51,78.7
Or,2024-05-08,9,20.9
Or,2024-05-09,30,52.1
Or,2024-05-10,49,103.1
Or,2024-05-11,31,35.0
Or,2024-05-12,43,87.3
Or,2024-05-14,8,6.5
Or,2024-05-15,44,108.0
Or,2024-05-16,41,60.2
Or,2024-05-17,96,189.6
Or,2024-05-18,26,96.9
Or,2024-05-19,18,35.5
Or,2024-05-20,54,126.8
Or,2024-05-21,27,62.7
Or,2024-05-22,67,150.7
Or,2024-05-23,51,91.8
Or,2024-05-24,137,167.5
Or,2024-05-25,35,81.6
Or,2024-05-26,53,87.2
Or,2024-05-27,2,4.5
Or,2024-05-28,51,107.1
Or,2024-05-29,48,77.4
Or,2024-05-30,97,100.6
Or,2024-05-31,66,149.2
Or,2024-06-01,6,9.2
Or,2024-06-02,35,49.1
Or,2024-06-03,100,188.4
Or,2024-06-04,44,107.3
Or,2024-06-05,59,164.9
Or,2024-06-06,59,109.1
Or,2024-06-07,3,13.1
Or,2024-06-09,106,270.0
Or,2024-06-10,72,189.8
Or,2024-06-11,8,14.4
Or,2024-06-12,30,80.0
Or,2024-06-13,13,21.6
Or,2024-06-14,49,128.5
Or,2024-06-15,17,44.4
Or,2024-06-16,38,84.4
Or,2024-06-17,37,82.6
Or,2024-06-18,48,98.0
Or,2024-06-19,60,89.1
Or,2024-06-20,57,136.5
Or,2024-06-21,36,98.8
Or,2024-06-23,73,107.0
Or,2024-06-24,85,151.8
Or,2024-06-25,61,131.2
Or,2024-06-26,114,221.3
Or,2024-06-27,47,80.0
Or,2024-06-28,51,89.5
Or,2024-06-29,31,73.5
Or,2024-06-30,67,149.4
Or,2024-07-01,62,155.8
Or,2024-07-02,78,159.8
Or,2024-07-03,15,38.8
Or,2024-07-04,123,205.6
Or,2024-07-06,18,45.5
Or,2024-07-07,47,113.3
Or,2024-07-08,28,75.5
Or,2024-07-09,52,65.4
Or,2024-07-10,126,227.0
Or,2024-07-11,4,5.3
Or,2024-07-12,2,4.0
Or,2024-07-14,38,100.4
Or,2024-07-15,67,129.0
Or,2024-07-17,19,35.8
Or,2024-07-18,14,45.0
Or,2024-07-19,11,43.6
Or,2024-07-21,43,122.1
Or,2024-07-23,36,75.3
Or,2024-07-28,41,82.7
Or,2024-07-29,50,135.7
Or,2024-08-02,52,150.7
Or,2024-08-04,43,85.7
Or,2024-08-05,36,77.5
Or,2024-08-08,39,57.5
Or,2024-08-09,87,158.0
Or,2024-08-11,105,273.0
Or,2024-08-12,80,157.3
Or,2024-08-14,8,7.0
Or,2024-08-15,39,102.5
Or,2024-08-19,2,6.0
Or,2024-08-20,57,119.1
Or,2024-08-21,14,21.1
Or,2024-08-22,27,38.4
Or,2024-08-23,76,125.6
Or,2024-08-27,28,67.0
Or,2024-08-29,46,53.8
Or,2024-08-30,6,2.8
Or,2024-08-31,15,36.8
Or,2024-09-01,61,128.0
Or,2024-09-02,5,8.2
Or,2024-09-04,12,22.5
Or,2024-09-06,41,72.9
Or,2024-09-07,35,132.9
Or,2024-09-09,27,44.1
Or,2024-09-10,14,43.4
Or,2024-09-12,49,79.7
Or,2024-09-13,58,136.4
Or,2024-09-15,64,116.9
Or,2024-09-16,13,20.3
Or,2024-09-17,91,230.3
Or,2024-09-22,59,119.1
Or,2024-09-24,41,110.5
Or,2024-09-25,12,31.5
Or,2024-09-29,39,59.8
Or,2024-09-30,14,27.4
Or,2024-10-01,9,20.3
Or,2024-10-02,46,111.6
Or,2024-10-03,23,60.5
Or,2024-10-04,6,18.8
Or,2024-10-05,2,6.9
Or,2024-10-06,69,110.6
Or,2024-10-08,13,47.1
Or,2024-10-09,1,2.2
Or,2024-10-10,3,1.6
Or,2024-10-11,23,50.2
Or,2024-10-13,7,19.2
Or,2024-10-15,11,26.4
Or,2024-10-16,10,27.4
Or,2024-10-17,5,0.6
Or,2024-10-19,18,37.0
Or,2024-10-20,9,15.6
Or,2024-10-21,5,7.2
Or,2024-10-22,35,61.3
Or,2024-10-28,6,20.0
Or,2024-10-30,104,179.5
Or,2024-10-31,20,60.4
Or,2024-11-01,29,53.3
Or,2024-11-02,16,37.9
Or,2024-11-03,1,2.1
Or,2024-11-04,6,13.4
Or,2024-11-05,15,19.5
Or,2024-11-06,21,52.3
Or,2024-11-07,7,9.2
Or,2024-11-08,3,4.0
Or,2024-11-09,5,11.2
Or,2024-11-10,47,99.1
Or,2024-11-11,57,99.4
Or,2024-11-12,46,88.0
Or,2024-11-13,89,168.0
Or,2024-11-14,93,123.6
Or,2024-11-15,130,296.5
Or,2024-11-16,17,50.4
Or,2024-11-17,42,105.7
Or,2024-11-18,35,77.5
Or,2024-11-19,35,103.6
Or,2024-11-20,53,145.2
Or,2024-11-21,44,116.2
Or,2024-11-22,17,51.2
Or,2024-11-24,58,148.1
Or,2024-11-25,40,61.4
Or,2024-11-27,62,143.2
Or,2024-11-29,3,9.4
Or,2024-12-01,51,142.4
Or,2024-12-02,37,103.7
Or,2024-12-03,45,107.3
Or,2024-12-04,31,90.4
Or,2024-12-08,52,114.1
Or,2024-12-09,66,148.7
Or,2024-12-10,46,95.5
Or,2024-12-11,24,56.6
Or,2024-12-15,86,187.4
Or,2024-12-16,68,153.6
Or,2024-12-17,52,103.1
Or,2024-12-18,38,105.3
Or,2024-12-20,12,27.8
Or,2024-12-21,6,16.3
Or,2024-12-22,37,95.4
Or,2024-12-23,29,95.1
Or,2024-12-24,20,55.7
Or,2024-12-25,77,203.5
Or,2024-12-26,3,3.8
Or,2024-12-27,47,124.8
Or,2024-12-29,6,11.8
Or,2024-12-30,12,37.7
Or,2024-12-31,35,64.0
Or,2025-01-01,37,92.4
Or,2025-01-02,21,59.7
Or,2025-01-03,30,50.4
Or,2025-01-04,6,20.3
Or,2025-01-05,55,127.8
Or,2025-01-06,81,261.4
Or,2025-01-07,37,91.0
Or,2025-01-08,87,230.7
Or,2025-01-09,35,83.0
Or,2025-01-10,1,3.5
Or,2025-01-11,6,18.6
Or,2025-01-12,59,191.9
Or,2025-01-13,43,89.4
Or,2025-01-14,24,55.3
Or,2025-01-15,24,54.0
Or,2025-01-16,70,207.4
Or,2025-01-17,77,144.9
Or,2025-01-19,37,95.0
Or,2025-01-20,55,128.6
Or,2025-01-21,11,19.3
Or,2025-01-22,27,31.4
Or,2025-01-23,44,123.0
Or,2025-01-24,12,27.1
Or,2025-01-25,3,11.8
Or,2025-01-26,54,134.5
Or,2025-01-28,8,23.4
Or,2025-01-29,32,56.8
Or,2025-01-31,4,13.6
Or,2025-02-02,66,133.0
Or,2025-02-03,26,49.0
Or,2025-02-06,8,20.7
Or,2025-02-09,5,13.4
Or,2025-02-11,24,70.8
Or,2025-02-12,20,41.4
Or,2025-02-13,4,1.6
Or,2025-02-14,9,30.1
Or,2025-02-16,2,3.0
Or,2025-02-20,5,13.7
Or,2025-02-21,4,12.8
Or,2025-02-23,4,12.1
Or,2025-02-24,43,112.6
Or,2025-02-25,33,105.0
Or,2025-02-26,63,114.2
Or,2025-02-27,14,49.2
Or,2025-03-01,20,52.1
Or,2025-03-02,18,44.2
Or,2025-03-05,7,18.1
Or,2025-03-06,39,88.7
Or,2025-03-07,24,56.2
Or,2025-03-09,3,6.7
Or,2025-03-12,45,69.5
Or,2025-03-13,6,10.3
Or,2025-03-14,3,0.0
Or,2025-03-16,6,8.5
Or,2025-03-17,53,105.1
Or,2025-03-20,2,4.8
Or,2025-03-21,9,18.8
Or,2025-03-22,33,53.9
Or,2025-03-23,26,68.1
Or,2025-03-24,4,7.5
Or,2025-03-25,7,13.9
Or,2025-03-28,32,60.2
Or,2025-03-29,19,17.4
Or,2025-03-30,40,83.0
Or,2025-03-31,57,140.2
Or,2025-04-01,10,24.5
Or,2025-04-02,20,36.9
Or,2025-04-04,13,30.0
Or,2025-04-05,76,195.9
Or,2025-04-06,14,30.0
Or,2025-04-07,8,7.1
Or,2025-04-08,29,70.2
Or,2025-04-09,9,25.1
Or,2025-04-10,10,2.6
Or,2025-04-11,44,59.1
Or,2025-04-12,10,17.3
Or,2025-04-14,11,30.4
Or,2025-04-15,30,62.1
Or,2025-04-16,29,78.1
Or,2025-04-17,21,20.1
Or,2025-04-18,3,2.8
Or,2025-04-19,2,3.9
Or,2025-04-20,6,11.6
Or,2025-04-21,46,117.5
Or,2025-04-22,47,95.7
Or,2025-04-23,16,39.2
Or,2025-04-24,10,30.1
Or,2025-04-25,3,9.6
Or,2025-04-27,2,3.3
Or,2025-04-28,51,139.8
Or,2025-04-29,33,81.8
Or,2025-04-30,18,70.0
Or,2025-05-02,22,62.3
Or,2025-05-04,52,118.3
Or,2025-05-05,8,13.6
Or,2025-05-06,18,38.8
Or,2025-05-07,46,99.5
Or,2025-05-08,15,48.1
Or,2025-05-09,47,109.0
Or,2025-05-11,25,35.1
Or,2025-05-12,10,22.2
Or,2025-05-13,24,46.7
Or,2025-05-14,32,77.1
Or,2025-05-16,114,216.9
Or,2025-05-19,56,134.9
Or,2025-05-20,38,123.9
Or,2025-05-21,37,72.0
Or,2025-05-22,28,53.1
Or,2025-05-23,34,88.2
Or,2025-05-25,35,89.8
Or,2025-05-26,40,101.9
Or,2025-05-27,5,9.4
Or,2025-05-28,64,135.0
Or,2025-05-29,6,1.1
Or,2025-05-30,1,1.8
Or,2025-06-01,6,17.8
Or,2025-06-03,4,5.4
Or,2025-06-04,53,132.1
Or,2025-06-05,12,26.1
Or,2025-06-06,21,41.0
Or,2025-06-08,21,54.2
Or,2025-06-09,30,65.2
Or,2025-06-10,25,64.0
Or,2025-06-11,38,103.6
Or,2025-06-12,9,27.8
Or,2025-06-14,6,18.7
Or,2025-06-17,13,16.2
Or,2025-06-18,3,6.0
Or,2025-06-19,10,32.1
Or,2025-06-21,16,28.1
Or,2025-06-23,10,31.7
Or,2025-06-24,10,15.9
Or,2025-06-25,38,89.1
Or,2025-06-27,73,171.0
Or,2025-06-28,3,5.9
Or,2025-06-29,76,114.6
Or,2025-06-30,39,66.8
Or,2025-07-01,40,90.3
Or,2025-07-02,44,116.7
Or,2025-07-04,4,7.5
Or,2025-07-05,10,19.2
Or,2025-07-07,1,2.6
Or,2025-07-08,67,131.8
Or,2025-07-09,2,0.8
Or,2025-07-10,113,296.9
Or,2025-07-13,37,98.5
Or,2025-07-14,39,124.5
Or,2025-07-15,37,100.0
Or,2025-07-16,84,152.2
Or,2025-07-17,46,26.6
Or,2025-07-18,33,67.6
Or,2025-07-19,2,3.1
Or,2025-07-20,44,119.3
Or,2025-07-22,2,3.2
Or,2025-07-23,33,61.2
Or,2025-07-24,23,63.2
Or,2025-07-25,78,128.5
Or,2025-07-27,46,137.7
Or,2025-07-29,24,54.5
Or,2025-07-30,27,70.8
Or,2025-07-31,33,104.5
Or,2025-08-05,19,36.2
Or,2025-08-06,12,16.4
Or,2025-08-10,37,84.0
Or,2025-08-12,9,19.5
Or,2025-08-15,13,52.9
Or,2025-08-18,5,5.2
Or,2025-08-22,35,72.9
Or,2025-08-24,34,75.3
Or,2025-08-25,40,92.2
Or,2025-08-26,44,100.2
Or,2025-08-27,104,224.2
Or,2025-08-28,32,83.2
Or,2025-08-29,8,27.7
Or,2025-08-31,27,46.3
Or,2025-09-01,5,16.8
Or,2025-09-02,28,67.1
Or,2025-09-04,33,71.2
Or,2025-09-05,77,138.4
Or,2025-09-06,9,30.4
Or,2025-09-07,58,123.1
Or,2025-09-08,9,17.0
Or,2025-09-09,33,75.2
Or,2025-09-10,79,181.4
Or,2025-09-11,27,50.9
Or,2025-09-12,4,8.9
Or,2025-09-13,27,78.7
Or,2025-09-14,28,61.7
Or,2025-09-17,35,74.0
Or,2025-09-18,33,80.0
Or,2025-09-19,20,33.7
Or,2025-09-20,11,28.9
Or,2025-09-26,99,162.0
Or,2025-09-28,74,151.5
Or,2025-09-29,60,113.2
Or,2025-09-30,30,66.3
Or,2025-10-03,22,59.9
Or,2025-10-04,31,84.7
Or,2025-10-06,125,156.6
Or,2025-10-07,2,7.4
Or,2025-10-08,15,42.5
Or,2025-10-12,50,112.8
Or,2025-10-13,33,32.1
Or,2025-10-15,24,70.3
Or,2025-10-18,2,7.0
Or,2025-10-24,36,55.2
Or,2025-10-26,28,65.1
Or,2025-10-27,48,116.8
Or,2025-10-28,56,135.7
Or,2025-10-29,3,2.8
Or,2025-10-30,26,49.6
Or,2025-10-31,62,160.2
Or,2025-11-02,47,103.5
Or,2025-11-03,4,12.9
Or,2025-11-04,40,95.4
Or,2025-11-05,5,5.9
Or,2025-11-07,9,29.5
Or,2025-11-08,12,26.9
Or,2025-11-09,13,38.2
Or,2025-11-10,40,65.2
Or,2025-11-11,51,89.3
Or,2025-11-12,9,21.5
Or,2025-11-13,38,65.5
Or,2025-11-14,3,4.2
Or,2025-11-17,36,47.2
Or,2025-11-18,49,118.9
Or,2025-11-19,51,93.3
Or,2025-11-20,57,79.3
Or,2025-11-22,7,16.8
Or,2025-11-23,51,118.6
Or,2025-11-24,34,64.9
Or,2025-11-25,67,124.0
Or,2025-11-26,60,112.8
Or,2025-11-27,24,65.6
Or,2025-11-28,102,203.1
Or,2025-11-30,10,23.9
Or,2025-12-02,45,102.1
Or,2025-12-03,33,61.2
Or,2025-12-05,53,70.9
Or,2025-12-09,93,192.9
Or,2025-12-12,1,4.1
Or,2025-12-13,29,38.4
Or,2025-12-14,25,55.4
Or,2025-12-15,17,34.6
Or,2025-12-16,52,86.8
Or,2025-12-17,36,104.6
Or,2025-12-18,31,63.6
Or,2025-12-19,54,133.4
Or,2025-12-20,18,35.1
Or,2025-12-23,36,79.0
Or,2025-12-24,18,39.8
Or,2025-12-26,20,54.1
Or,2025-12-27,13,19.5
Or,2025-12-28,22,53.0
Or,2025-12-29,16,31.4
Or,2025-12-30,31,69.3
Or,2025-12-31,18,35.3
Or,2026-01-03,75,164.1
Or,2026-01-04,16,33.6
Or,2026-01-07,16,45.1
Or,2026-01-08,37,67.3
Or,2026-01-09,120,78.5
Or,2026-01-10,1,2.0
Or,2026-01-11,39,72.1
Or,2026-01-12,26,73.6
Or,2026-01-13,46,105.1
Or,2026-01-14,9,9.7
Or,2026-01-15,42,68.0
Or,2026-01-16,6,11.1
Or,2026-01-18,32,56.5
Or,2026-01-21,60,116.4
Or,2026-01-24,10,21.3
Or,2026-01-25,31,67.8
Or,2026-01-30,67,127.6
Or,2026-01-31,23,36.4
Or,2026-02-01,24,56.6
Or,2026-02-02,48,68.9
Or,2026-02-05,6,12.2
Or,2026-02-06,40,103.4
Or,2026-02-08,22,58.8
Or,2026-02-09,55,103.5
Or,2026-02-12,61,99.2
Or,2026-02-13,8,18.4
Or,2026-02-16,21,52.9
Or,2026-02-17,47,78.9
Or,2026-02-18,26,80.2
Or,2026-02-19,54,100.1
Or,2026-02-20,21,32.1
Or,2026-02-21,77,134.9
Or,2026-02-22,78,109.1
Or,2026-02-23,60,102.5
Or,2026-02-24,25,68.1
Or,2026-02-26,57,98.7
Or,2026-02-27,61,105.3
Or,2026-03-01,2,0.6
Or,2026-03-04,10,23.1
Or,2026-03-05,11,12.7
Or,2026-03-06,21,38.1
Or,2026-03-10,13,36.6
Or,2026-03-12,4,7.7
Or,2026-03-13,20,34.9
Or,2026-03-14,4,7.0
Or,2026-03-19,3,7.7
Or,2026-03-20,9,18.3
Or,2026-03-21,44,77.3
Or,2026-03-22,44,110.4
Or,2026-03-23,2,2.0
Or,2026-03-24,16,47.5
Or,2026-03-25,34,57.2
Or,2026-03-26,15,36.9
Or,2026-03-29,5,11.7
Or,2026-04-01,42,110.5
Or,2026-04-04,14,1.8
Or,2026-04-05,24,38.7
Or,2026-04-06,63,91.6
Or,2026-04-07,11,4.9
Or,2026-04-08,48,46.3
Or,2026-04-09,54,87.6
Or,2026-04-10,29,66.1
Or,2026-04-11,44,73.9
Or,2026-04-12,26,39.5
Or,2026-04-14,54,110.5
Or,2026-04-15,46,93.1
Or,2026-04-16,109,206.2
Or,2026-04-17,39,73.9
Or,2026-04-18,19,19.4
Or,2026-04-20,20,40.4
Or,2026-04-21,54,69.4
Or,2026-04-22,121,191.2
Or,2026-04-25,41,54.3
Or,2026-04-27,13,22.9
Or,2026-04-28,55,109.4
Or,2026-04-29,83,115.6
Or,2026-04-30,55,80.4
Or,2026-05-02,55,107.3
Or,2026-05-04,59,91.2
Or,2026-05-05,53,107.0
Or,2026-05-06,74,134.9
Or,2026-05-07,61,119.6
Or,2026-05-08,139,205.9
Or,2026-05-09,23,21.2
Or,2026-05-10,17,40.7
Or,2026-05-11,59,135.7
Or,2026-05-12,50,105.1
Or,2026-05-13,6,10.3
Or,2026-05-14,59,96.7
Or,2026-05-15,152,214.8
Or,2026-05-16,34,59.8
Or,2026-05-17,35,67.2
Or,2026-05-18,29,47.5
Or,2026-05-19,100,165.3
Or,2026-05-20,97,157.3
Or,2026-05-21,20,37.3
Or,2026-05-22,85,140.9
Roman,2019-09-06,18,6.7
Roman,2019-09-10,35,23.5
Roman,2019-09-11,80,28.7
Roman,2019-09-12,347,170.5
Roman,2019-09-13,186,200.2
Roman,2019-09-14,68,83.2
Roman,2019-09-16,26,50.4
Roman,2019-09-20,7,11.0
Roman,2019-09-21,12,19.7
Roman,2019-09-22,26,31.2
Roman,2019-09-24,7,10.9
Roman,2019-09-25,16,20.7
Roman,2019-09-26,14,9.9
Roman,2019-09-27,42,27.4
Roman,2019-10-02,106,129.9
Roman,2019-10-06,43,48.1
Roman,2019-10-07,116,84.8
Roman,2019-10-15,25,18.4
Roman,2019-10-16,86,91.4
Roman,2019-10-17,19,17.6
Roman,2019-10-20,5,11.2
Roman,2019-10-24,2,1.0
Roman,2019-10-25,1,0.3
Roman,2019-10-26,1,1.5
Roman,2019-10-27,11,12.1
Roman,2019-10-28,1,2.9
Roman,2019-10-31,16,18.5
Roman,2019-11-01,13,16.2
Roman,2019-11-04,2,1.1
Roman,2019-11-05,38,48.0
Roman,2019-11-11,41,35.4
Roman,2019-11-13,22,22.9
Roman,2019-11-14,32,9.0
Roman,2020-04-11,2,0.7
Roman,2020-05-21,88,186.3
Roman,2020-05-22,102,152.2
Roman,2020-05-23,1,0.0
Roman,2020-05-24,15,13.6
Roman,2020-05-27,28,31.7
Roman,2020-06-04,42,48.8
Roman,2020-06-11,25,54.5
Roman,2020-06-13,1,0.3
Roman,2020-06-14,9,25.4
Roman,2020-06-18,122,171.1
Roman,2020-06-19,8,11.9
Roman,2020-06-20,1,3.1
Roman,2020-06-21,68,151.3
Roman,2020-06-22,12,30.2
Roman,2020-06-23,1,0.5
Roman,2020-06-25,14,18.4
Roman,2020-06-26,1,0.4
Roman,2020-06-27,23,42.0
Roman,2020-06-28,15,19.9
Roman,2020-06-29,41,59.3
Roman,2020-06-30,8,22.3
Roman,2020-07-02,73,158.4
Roman,2020-07-03,48,81.5
Roman,2020-07-04,11,6.5
Roman,2020-07-05,26,39.5
Roman,2020-07-06,15,23.0
Roman,2020-07-07,2,3.1
Roman,2020-07-09,45,111.5
Roman,2020-07-10,2,5.3
Roman,2020-07-11,4,11.3
Roman,2020-07-13,90,102.5
Roman,2020-07-14,6,13.1
Roman,2020-07-17,1,0.3
Roman,2020-07-19,9,26.4
Roman,2020-07-20,79,85.9
Roman,2020-07-21,23,48.3
Roman,2020-07-22,4,5.0
Roman,2020-07-23,18,33.8
Roman,2020-07-26,16,22.7
Roman,2020-07-31,20,36.4
Roman,2020-08-06,46,73.2
Roman,2020-08-09,152,123.3
Roman,2020-08-14,63,55.0
Roman,2020-08-15,15,28.5
Roman,2020-08-17,69,43.5
Roman,2020-08-18,26,27.4
Roman,2020-08-19,15,8.1
Roman,2020-08-20,1,0.0
Roman,2020-08-22,51,74.4
Roman,2020-08-23,2,3.2
Roman,2020-08-24,14,6.6
Roman,2020-08-25,90,88.0
Roman,2020-08-26,17,14.6
Roman,2020-08-29,19,41.2
Roman,2020-08-30,93,131.5
Roman,2020-08-31,10,10.4
Roman,2020-09-01,86,107.6
Roman,2020-09-02,24,43.2
Roman,2020-09-03,32,44.8
Roman,2020-09-06,32,36.3
Roman,2020-09-07,11,9.9
Roman,2020-09-09,8,0.3
Roman,2020-09-10,124,134.2
Roman,2020-09-11,56,109.6
Roman,2020-09-12,26,48.9
Roman,2020-09-13,54,69.6
Roman,2020-09-16,1,0.5
Roman,2020-11-15,30,57.2
Roman,2020-11-16,7,4.9
Roman,2020-11-17,44,93.8
Roman,2020-11-18,21,30.4
Roman,2020-11-19,3,7.5
Roman,2020-11-20,1,0.3
Roman,2020-11-21,1,3.0
Roman,2020-11-22,48,123.4
Roman,2020-11-23,10,35.2
Roman,2020-11-24,8,26.9
Roman,2020-11-25,3,1.6
Roman,2020-11-26,25,31.9
Roman,2020-11-27,44,82.2
Roman,2020-11-28,29,62.6
Roman,2020-11-29,10,16.5
Roman,2020-11-30,11,31.2
Roman,2020-12-01,19,38.2
Roman,2020-12-03,26,73.1
Roman,2020-12-06,38,115.7
Roman,2020-12-08,15,22.3
Roman,2020-12-09,35,108.2
Roman,2020-12-10,8,20.9
Roman,2020-12-11,1,0.1
Roman,2020-12-13,15,33.0
Roman,2020-12-15,31,77.4
Roman,2020-12-17,2,7.9
Roman,2020-12-18,1,0.6
Roman,2020-12-21,19,57.9
Roman,2020-12-22,39,102.3
Roman,2020-12-25,14,43.9
Roman,2020-12-26,17,42.9
Roman,2020-12-29,10,1.0
Roman,2020-12-31,3,1.8
Roman,2021-01-01,11,4.1
Roman,2021-01-02,32,26.8
Roman,2021-01-03,3,7.9
Roman,2021-01-05,14,23.7
Roman,2021-01-07,8,2.7
Roman,2021-01-10,28,64.2
Roman,2021-01-11,47,100.2
Roman,2021-01-13,3,5.8
Roman,2021-01-14,2,5.5
Roman,2021-01-15,53,114.8
Roman,2021-01-16,14,30.3
Roman,2021-01-17,5,6.9
Roman,2021-01-18,3,7.2
Roman,2021-01-19,38,78.4
Roman,2021-01-21,39,74.1
Roman,2021-01-22,25,61.9
Roman,2021-01-23,42,97.5
Roman,2021-01-24,9,20.1
Roman,2021-01-27,36,97.5
Roman,2021-01-28,3,6.2
Roman,2021-01-31,16,17.4
Roman,2021-02-02,27,48.9
Roman,2021-02-04,29,74.4
Roman,2021-02-05,43,58.0
Roman,2021-02-06,61,109.5
Roman,2021-02-07,14,20.6
Roman,2021-02-11,24,27.3
Roman,2021-02-13,7,6.8
Roman,2021-02-14,39,54.8
Roman,2021-02-15,12,15.5
Roman,2021-02-16,1,3.2
Roman,2021-02-17,3,5.9
Roman,2021-02-18,22,34.9
Roman,2021-02-19,5,4.7
Roman,2021-02-21,69,134.4
Roman,2021-02-22,3,3.3
Roman,2021-02-23,17,17.3
Roman,2021-02-24,17,29.4
Roman,2021-03-01,4,3.1
Roman,2021-03-04,9,19.4
Roman,2021-03-09,8,12.8
Roman,2021-03-18,1,2.0
Roman,2021-03-25,36,64.2
Roman,2021-03-30,1,2.5
Roman,2021-04-01,59,142.1
Roman,2021-04-02,77,194.0
Roman,2021-04-03,48,147.4
Roman,2021-04-05,1,4.3
Roman,2021-04-08,21,49.1
Roman,2021-04-13,24,52.3
Roman,2021-04-15,15,47.0
Roman,2021-04-18,24,63.0
Roman,2021-04-22,44,114.4
Roman,2021-04-25,40,107.3
Roman,2021-04-26,11,35.1
Roman,2021-04-27,4,10.6
Roman,2021-04-28,30,69.0
Roman,2021-04-29,30,67.2
Roman,2021-04-30,10,28.2
Roman,2021-05-02,52,118.0
Roman,2021-05-05,4,7.0
Roman,2021-05-06,62,144.2
Roman,2021-05-08,4,4.2
Roman,2021-05-09,54,110.2
Roman,2021-05-10,1,2.4
Roman,2021-05-13,74,109.9
Roman,2021-05-14,51,31.7
Roman,2021-05-15,155,199.6
Roman,2021-05-16,63,91.7
Roman,2021-05-18,96,126.4
Roman,2021-05-21,22,13.4
Roman,2021-05-23,123,153.8
Roman,2021-05-25,9,8.2
Roman,2021-05-26,1,0.3
Roman,2021-05-27,100,135.9
Roman,2021-05-28,3,8.2
Roman,2021-05-29,1,2.6
Roman,2021-05-30,7,20.1
Roman,2021-05-31,85,72.4
Roman,2021-06-03,95,103.0
Roman,2021-06-04,232,201.4
Roman,2021-06-05,16,17.4
Roman,2021-06-06,46,104.6
Roman,2021-06-07,20,40.3
Roman,2021-06-08,79,202.5
Roman,2021-06-10,64,200.7
Roman,2021-06-11,53,109.8
Roman,2021-06-13,112,245.2
Roman,2021-06-14,1,0.0
Roman,2021-06-15,109,294.2
Roman,2021-06-16,119,227.2
Roman,2021-06-17,1,2.1
Roman,2021-06-18,7,20.2
Roman,2021-06-20,105,294.5
Roman,2021-06-21,42,106.5
Roman,2021-06-22,45,114.9
Roman,2021-06-23,50,73.1
Roman,2021-06-24,126,188.3
Roman,2021-06-25,26,57.4
Roman,2021-06-26,56,156.2
Roman,2021-06-27,78,208.5
Roman,2021-06-28,29,75.3
Roman,2021-06-29,127,142.4
Roman,2021-06-30,89,161.9
Roman,2021-07-01,114,157.3
Roman,2021-07-02,125,131.3
Roman,2021-07-03,117,138.4
Roman,2021-07-04,32,67.5
Roman,2021-07-05,94,84.4
Roman,2021-07-06,32,44.7
Roman,2021-07-07,11,31.5
Roman,2021-07-08,253,656.3
Roman,2021-07-09,27,35.4
Roman,2021-07-11,135,245.1
Roman,2021-07-12,24,10.9
Roman,2021-07-13,57,95.4
Roman,2021-07-14,56,137.3
Roman,2021-07-15,6,10.2
Roman,2021-07-17,12,5.4
Roman,2021-07-18,75,156.7
Roman,2021-07-19,2,9.4
Roman,2021-07-21,46,94.7
Roman,2021-07-22,124,286.8
Roman,2021-07-24,16,37.6
Roman,2021-07-25,189,191.2
Roman,2021-07-26,77,178.4
Roman,2021-07-27,16,36.1
Roman,2021-07-28,17,41.9
Roman,2021-07-30,9,19.7
Roman,2021-08-01,13,29.3
Roman,2021-08-03,2,4.9
Roman,2021-08-04,1,1.3
Roman,2021-08-05,37,100.9
Roman,2021-08-06,26,36.3
Roman,2021-08-08,42,74.1
Roman,2021-08-09,27,87.2
Roman,2021-08-10,29,36.0
Roman,2021-08-11,24,59.0
Roman,2021-08-12,9,18.8
Roman,2021-08-13,13,49.8
Roman,2021-08-14,14,47.0
Roman,2021-08-15,76,231.9
Roman,2021-08-17,30,81.4
Roman,2021-08-18,38,66.8
Roman,2021-08-19,1,1.1
Roman,2021-08-20,22,70.5
Roman,2021-08-22,2,2.4
Roman,2021-08-23,32,108.7
Roman,2021-08-24,8,28.1
Roman,2021-08-25,21,90.8
Roman,2021-08-26,34,100.5
Roman,2021-08-27,12,36.2
Roman,2021-08-28,22,63.6
Roman,2021-08-29,2,4.3
Roman,2021-08-31,29,93.0
Roman,2021-09-01,1,0.6
Roman,2021-09-02,7,26.7
Roman,2021-09-03,19,72.8
Roman,2021-09-04,13,57.1
Roman,2021-09-05,20,75.5
Roman,2021-09-06,22,54.3
Roman,2021-09-07,42,129.9
Roman,2021-09-08,64,226.7
Roman,2021-09-09,105,303.0
Roman,2021-09-10,116,312.8
Roman,2021-09-11,105,272.7
Roman,2021-09-12,78,204.5
Roman,2021-09-13,30,66.7
Roman,2021-09-14,87,235.2
Roman,2021-09-15,140,252.6
Roman,2021-09-16,87,176.5
Roman,2021-09-17,22,26.8
Roman,2021-09-18,11,21.7
Roman,2021-09-19,70,210.8
Roman,2021-09-20,104,216.5
Roman,2021-09-21,85,229.8
Roman,2021-09-22,259,379.8
Roman,2021-09-23,94,285.9
Roman,2021-09-24,72,202.4
Roman,2021-09-25,98,357.0
Roman,2021-09-26,211,322.0
Roman,2021-09-27,7,17.8
Roman,2021-09-28,168,522.1
Roman,2021-09-29,126,462.3
Roman,2021-09-30,47,164.4
Roman,2021-10-04,44,154.3
Roman,2021-10-05,76,252.7
Roman,2021-10-06,63,245.7
Roman,2021-10-07,204,313.3
Roman,2021-10-08,210,603.6
Roman,2021-10-09,123,255.9
Roman,2021-10-10,233,597.9
Roman,2021-10-11,75,195.5
Roman,2021-10-12,62,109.9
Roman,2021-10-13,152,381.6
Roman,2021-10-14,64,172.2
Roman,2021-10-15,73,163.4
Roman,2021-10-16,45,103.9
Roman,2021-10-17,106,228.0
Roman,2021-10-18,18,43.1
Roman,2021-10-20,35,81.5
Roman,2021-10-21,85,234.0
Roman,2021-10-22,126,212.6
Roman,2021-10-23,30,56.6
Roman,2021-10-24,73,206.9
Roman,2021-10-25,35,87.1
Roman,2021-10-26,154,210.9
Roman,2021-10-27,81,179.4
Roman,2021-10-28,61,152.6
Roman,2021-10-30,40,83.2
Roman,2021-10-31,2,4.7
Roman,2021-11-01,3,9.3
Roman,2021-11-02,6,14.1
Roman,2021-11-03,11,27.2
Roman,2021-11-05,4,4.7
Roman,2021-11-06,59,182.3
Roman,2021-11-07,11,36.6
Roman,2021-11-08,98,247.8
Roman,2021-11-09,66,197.0
Roman,2021-11-12,91,181.2
Roman,2021-11-14,180,495.6
Roman,2021-11-15,175,431.8
Roman,2021-11-16,69,163.1
Roman,2021-11-17,114,174.6
Roman,2021-11-18,66,81.3
Roman,2021-11-19,13,35.4
Roman,2021-11-21,16,31.8
Roman,2021-11-23,1,0.0
Roman,2021-11-24,96,292.2
Roman,2021-11-25,15,29.2
Roman,2021-11-26,215,406.3
Roman,2021-11-27,84,173.0
Roman,2021-11-28,69,205.2
Roman,2021-11-29,50,63.1
Roman,2021-11-30,60,100.0
Roman,2021-12-01,86,201.4
Roman,2021-12-02,170,185.0
Roman,2021-12-03,253,413.9
Roman,2021-12-04,173,260.2
Roman,2021-12-05,10,12.7
Roman,2021-12-06,60,47.2
Roman,2021-12-07,40,69.9
Roman,2021-12-08,1,2.6
Roman,2021-12-10,10,3.6
Roman,2021-12-11,243,314.6
Roman,2021-12-12,83,142.8
Roman,2021-12-13,182,238.9
Roman,2021-12-14,6,19.6
Roman,2021-12-15,135,158.8
Roman,2021-12-17,162,136.5
Roman,2021-12-18,157,239.3
Roman,2021-12-19,198,220.6
Roman,2021-12-20,44,86.1
Roman,2021-12-21,140,209.6
Roman,2021-12-22,134,196.0
Roman,2021-12-23,27,75.8
Roman,2021-12-24,246,490.2
Roman,2021-12-25,48,82.6
Roman,2021-12-27,30,106.1
Roman,2021-12-28,44,85.9
Roman,2021-12-29,9,26.2
Roman,2021-12-31,200,190.5
Roman,2022-01-01,168,197.6
Roman,2022-01-03,75,102.5
Roman,2022-01-04,6,11.0
Roman,2022-01-06,23,46.5
Roman,2022-01-07,13,2.0
Roman,2022-01-08,18,37.5
Roman,2022-01-10,24,34.1
Roman,2022-01-11,1,0.4
Roman,2022-01-12,49,54.8
Roman,2022-01-15,29,47.4
Roman,2022-01-16,6,17.7
Roman,2022-01-18,16,30.1
Roman,2022-01-19,4,12.2
Roman,2022-01-21,13,9.9
Roman,2022-01-23,7,20.0
Roman,2022-02-02,28,13.0
Roman,2022-02-04,80,141.9
Roman,2022-02-05,81,112.6
Roman,2022-02-06,43,76.3
Roman,2022-02-08,10,20.3
Roman,2022-02-09,41,38.5
Roman,2022-02-10,56,35.1
Roman,2022-02-12,263,193.7
Roman,2022-02-13,40,97.8
Roman,2022-02-14,133,124.0
Roman,2022-02-15,41,96.7
Roman,2022-02-16,136,111.2
Roman,2022-02-17,166,83.7
Roman,2022-02-20,81,48.1
Roman,2022-02-23,69,44.2
Roman,2022-02-24,81,74.0
Roman,2022-02-25,261,194.0
Roman,2022-02-26,17,52.4
Roman,2022-02-27,80,43.0
Roman,2022-02-28,36,43.1
Roman,2022-03-01,129,44.2
Roman,2022-03-02,119,165.4
Roman,2022-03-03,34,47.3
Roman,2022-03-04,268,311.5
Roman,2022-03-06,126,95.0
Roman,2022-03-07,123,161.4
Roman,2022-03-08,86,45.2
Roman,2022-03-09,88,107.4
Roman,2022-03-10,43,51.7
Roman,2022-03-11,141,214.5
Roman,2022-03-12,28,48.3
Roman,2022-03-13,18,31.1
Roman,2022-03-14,124,64.9
Roman,2022-03-15,8,9.4
Roman,2022-03-16,18,54.9
Roman,2022-03-17,46,43.3
Roman,2022-03-18,110,101.9
Roman,2022-03-19,102,59.8
Roman,2022-03-20,82,48.1
Roman,2022-03-21,89,79.4
Roman,2022-03-22,35,9.7
Roman,2022-03-23,23,34.0
Roman,2022-03-24,54,68.5
Roman,2022-03-25,53,50.6
Roman,2022-03-27,13,37.8
Roman,2022-03-28,27,34.6
Roman,2022-03-29,31,50.2
Roman,2022-03-30,67,15.4
Roman,2022-03-31,25,45.9
Roman,2022-04-01,160,224.6
Roman,2022-04-03,30,34.5
Roman,2022-04-04,67,122.5
Roman,2022-04-05,12,34.0
Roman,2022-04-06,116,124.6
Roman,2022-04-07,31,65.1
Roman,2022-04-09,148,84.4
Roman,2022-04-10,189,180.8
Roman,2022-04-11,28,45.8
Roman,2022-04-12,95,113.9
Roman,2022-04-13,6,8.0
Roman,2022-04-14,82,103.7
Roman,2022-04-15,4,3.1
Roman,2022-04-16,1,0.0
Roman,2022-04-17,89,57.4
Roman,2022-04-18,45,41.0
Roman,2022-04-19,88,42.5
Roman,2022-04-20,124,45.4
Roman,2022-04-21,246,190.6
Roman,2022-04-23,9,19.9
Roman,2022-04-24,91,82.5
Roman,2022-04-25,22,46.5
Roman,2022-04-26,72,108.8
Roman,2022-04-27,57,86.5
Roman,2022-04-28,22,33.0
Roman,2022-04-29,14,19.4
Roman,2022-05-01,56,42.6
Roman,2022-05-02,16,43.7
Roman,2022-05-03,58,55.8
Roman,2022-05-04,13,42.4
Roman,2022-05-06,36,12.3
Roman,2022-05-08,6,10.3
Roman,2022-05-09,6,15.3
Roman,2022-05-10,90,74.8
Roman,2022-05-11,33,90.2
Roman,2022-05-12,56,127.6
Roman,2022-05-13,14,35.1
Roman,2022-05-15,19,39.6
Roman,2022-05-16,18,30.0
Roman,2022-05-17,25,40.6
Roman,2022-05-18,25,46.8
Roman,2022-05-19,32,45.5
Roman,2022-05-21,51,38.3
Roman,2022-05-23,13,36.7
Roman,2022-05-24,14,43.7
Roman,2022-05-25,22,43.0
Roman,2022-05-26,43,33.1
Roman,2022-05-28,14,4.2
Roman,2022-05-29,1,0.8
Roman,2022-05-31,5,14.2
Roman,2022-06-01,29,48.4
Roman,2022-06-02,28,37.3
Roman,2022-06-07,16,44.1
Roman,2022-06-08,139,98.2
Roman,2022-06-09,13,41.6
Roman,2022-06-12,16,37.1
Roman,2022-06-13,16,42.0
Roman,2022-06-14,24,42.8
Roman,2022-06-15,57,43.1
Roman,2022-06-16,24,53.9
Roman,2022-06-17,6,8.8
Roman,2022-06-18,8,0.3
Roman,2022-06-20,16,37.3
Roman,2022-06-21,60,39.7
Roman,2022-06-22,82,91.9
Roman,2022-06-27,16,41.8
Roman,2022-06-28,12,28.3
Roman,2022-06-29,19,48.6
Roman,2022-06-30,16,32.5
Roman,2022-07-03,94,237.2
Roman,2022-07-04,23,43.4
Roman,2022-07-05,40,31.2
Roman,2022-07-06,19,42.4
Roman,2022-07-07,14,42.0
Roman,2022-07-08,2,0.5
Roman,2022-07-09,5,9.9
Roman,2022-07-10,17,46.4
Roman,2022-07-12,5,1.5
Roman,2022-07-13,8,21.9
Roman,2022-07-14,15,38.2
Roman,2022-07-17,19,30.2
Roman,2022-07-18,17,39.9
Roman,2022-07-19,19,40.2
Roman,2022-07-20,9,10.9
Roman,2022-07-21,21,48.7
Roman,2022-07-22,32,9.8
Roman,2022-07-24,85,98.6
Roman,2022-07-25,17,39.8
Roman,2022-07-27,33,63.6
Roman,2022-08-05,24,7.4
Roman,2022-08-09,34,31.2
Roman,2022-08-10,32,49.5
Roman,2022-08-11,79,103.1
Roman,2022-08-12,1,0.1
Roman,2022-08-13,22,11.1
Roman,2022-08-14,24,60.5
Roman,2022-08-15,49,113.8
Roman,2022-08-16,19,27.4
Roman,2022-08-17,33,41.6
Roman,2022-08-18,13,35.7
Roman,2022-08-19,14,3.9
Roman,2022-08-20,14,15.0
Roman,2022-08-21,23,54.0
Roman,2022-08-22,36,58.8
Roman,2022-08-23,22,47.3
Roman,2022-08-24,15,46.8
Roman,2022-08-25,23,65.0
Roman,2022-08-27,1,0.4
Roman,2022-08-28,17,46.6
Roman,2022-08-29,25,56.2
Roman,2022-08-30,34,43.0
Roman,2022-08-31,13,36.1
Roman,2022-09-01,32,50.0
Roman,2022-09-02,21,42.4
Roman,2022-09-04,1,0.5
Roman,2022-09-05,26,52.0
Roman,2022-09-06,13,31.1
Roman,2022-09-08,48,136.9
Roman,2022-09-11,46,85.9
Roman,2022-09-12,15,42.9
Roman,2022-09-13,104,112.5
Roman,2022-09-14,31,78.9
Roman,2022-09-15,44,76.5
Roman,2022-09-17,34,41.6
Roman,2022-09-18,3,3.4
Roman,2022-09-20,46,47.8
Roman,2022-09-21,44,58.2
Roman,2022-09-22,9,16.1
Roman,2022-09-24,1,3.8
Roman,2022-09-28,49,90.8
Roman,2022-09-30,72,89.2
Roman,2022-10-02,9,22.1
Roman,2022-10-03,114,138.3
Roman,2022-10-04,27,63.5
Roman,2022-10-05,17,10.8
Roman,2022-10-06,80,155.0
Roman,2022-10-07,8,12.0
Roman,2022-10-12,18,49.6
Roman,2022-10-13,17,33.9
Roman,2022-10-15,9,17.1
Roman,2022-10-16,54,92.2
Roman,2022-10-18,10,22.5
Roman,2022-10-19,13,32.5
Roman,2022-10-20,2,5.0
Roman,2022-10-24,10,16.9
Roman,2022-10-25,37,97.6
Roman,2022-10-26,33,50.9
Roman,2022-10-27,1,0.3
Roman,2022-10-30,82,210.0
Roman,2022-10-31,49,24.5
Roman,2022-11-02,60,158.4
Roman,2022-11-03,20,31.4
Roman,2022-11-04,104,229.9
Roman,2022-11-07,30,66.9
Roman,2022-11-08,24,45.4
Roman,2022-11-09,171,218.1
Roman,2022-11-10,49,117.1
Roman,2022-11-13,64,187.1
Roman,2022-11-14,42,80.7
Roman,2022-11-15,21,68.7
Roman,2022-11-17,42,70.1
Roman,2022-11-20,37,74.6
Roman,2022-11-21,17,51.4
Roman,2022-11-23,94,232.9
Roman,2022-11-24,1,0.7
Roman,2022-11-25,9,21.7
Roman,2022-11-26,2,0.1
Roman,2022-11-27,95,162.9
Roman,2022-11-28,11,20.1
Roman,2022-11-29,114,210.3
Roman,2022-11-30,87,131.2
Roman,2022-12-01,40,93.5
Roman,2022-12-02,11,6.3
Roman,2022-12-05,69,162.2
Roman,2022-12-06,140,130.5
Roman,2022-12-07,39,74.7
Roman,2022-12-08,47,142.0
Roman,2022-12-09,5,7.9
Roman,2022-12-11,47,94.3
Roman,2022-12-12,42,92.5
Roman,2022-12-14,66,148.7
Roman,2022-12-15,52,122.8
Roman,2022-12-16,12,26.2
Roman,2022-12-18,2,3.2
Roman,2022-12-19,47,89.2
Roman,2022-12-20,88,209.5
Roman,2022-12-21,83,116.6
Roman,2022-12-22,130,105.6
Roman,2022-12-23,5,0.8
Roman,2022-12-26,6,7.2
Roman,2022-12-27,24,55.4
Roman,2022-12-28,3,1.4
Roman,2022-12-30,3,8.3
Roman,2023-01-01,2,6.9
Roman,2023-01-02,2,3.6
Roman,2023-01-03,29,67.0
Roman,2023-01-04,16,8.3
Roman,2023-01-05,1,1.5
Roman,2023-01-08,13,35.1
Roman,2023-01-09,18,28.2
Roman,2023-01-10,14,10.3
Roman,2023-01-11,82,172.0
Roman,2023-01-15,39,41.5
Roman,2023-01-16,47,48.8
Roman,2023-01-17,53,60.6
Roman,2023-01-18,26,57.5
Roman,2023-01-19,6,1.6
Roman,2023-01-22,57,55.1
Roman,2023-01-24,13,41.1
Roman,2023-01-25,5,7.9
Roman,2023-01-26,17,10.2
Roman,2023-01-30,30,27.3
Roman,2023-02-01,6,13.3
Roman,2023-02-05,27,24.6
Roman,2023-02-06,46,77.4
Roman,2023-02-07,9,19.7
Roman,2023-02-08,38,80.3
Roman,2023-02-10,2,0.2
Roman,2023-02-12,28,80.4
Roman,2023-02-13,22,53.8
Roman,2023-02-14,21,44.9
Roman,2023-02-15,52,87.9
Roman,2023-02-16,1,1.1
Roman,2023-02-17,1,0.4
Roman,2023-02-23,3,3.4
Roman,2023-03-02,8,33.1
Roman,2023-03-05,5,12.5
Roman,2023-03-08,40,110.4
Roman,2023-03-20,5,4.8
Roman,2023-03-21,7,6.0
Roman,2023-03-25,6,16.6
Roman,2023-03-26,7,13.7
Roman,2023-03-27,14,38.5
Roman,2023-03-28,64,29.1
Roman,2023-03-29,33,50.6
Roman,2023-04-02,6,21.0
Roman,2023-04-03,1,0.5
Roman,2023-04-04,11,21.4
Roman,2023-04-05,12,38.6
Roman,2023-04-07,21,8.4
Roman,2023-04-08,7,1.7
Roman,2023-04-09,67,134.5
Roman,2023-04-10,12,36.3
Roman,2023-04-12,5,2.3
Roman,2023-04-13,9,18.7
Roman,2023-04-14,2,3.4
Roman,2023-04-15,16,60.9
Roman,2023-04-16,21,51.5
Roman,2023-04-17,74,94.5
Roman,2023-04-18,34,74.5
Roman,2023-04-19,32,57.7
Roman,2023-04-20,123,171.9
Roman,2023-04-21,9,23.4
Roman,2023-04-22,8,17.0
Roman,2023-04-23,54,105.5
Roman,2023-04-24,42,71.6
Roman,2023-04-25,3,5.2
Roman,2023-04-27,38,78.4
Roman,2023-04-30,62,145.4
Roman,2023-05-01,175,300.2
Roman,2023-05-02,107,203.2
Roman,2023-05-03,83,187.6
Roman,2023-05-04,33,96.5
Roman,2023-05-05,41,97.0
Roman,2023-05-06,13,27.8
Roman,2023-05-07,114,207.3
Roman,2023-05-08,34,84.9
Roman,2023-05-09,52,98.2
Roman,2023-05-11,38,66.2
Roman,2023-05-12,17,31.3
Roman,2023-05-13,3,5.4
Roman,2023-05-14,6,11.5
Roman,2023-05-15,7,28.3
Roman,2023-05-16,20,30.4
Roman,2023-05-17,73,108.6
Roman,2023-05-18,35,64.3
Roman,2023-05-19,25,66.9
Roman,2023-05-20,64,43.2
Roman,2023-05-21,37,68.9
Roman,2023-05-22,10,13.8
Roman,2023-05-24,113,289.9
Roman,2023-05-25,97,175.8
Roman,2023-05-26,38,5.1
Roman,2023-05-28,148,245.7
Roman,2023-05-29,116,181.8
Roman,2023-05-30,95,144.8
Roman,2023-05-31,80,165.1
Roman,2023-06-01,52,108.8
Roman,2023-06-02,28,51.4
Roman,2023-06-03,8,16.0
Roman,2023-06-04,64,144.9
Roman,2023-06-05,5,8.8
Roman,2023-06-06,33,65.6
Roman,2023-06-07,104,147.6
Roman,2023-06-08,35,30.2
Roman,2023-06-09,46,117.1
Roman,2023-06-11,75,175.2
Roman,2023-06-12,102,238.9
Roman,2023-06-13,82,276.2
Roman,2023-06-14,92,141.9
Roman,2023-06-15,37,62.7
Roman,2023-06-16,53,123.9
Roman,2023-06-17,24,30.0
Roman,2023-06-18,62,145.0
Roman,2023-06-19,102,215.2
Roman,2023-06-20,51,77.0
Roman,2023-06-21,59,74.1
Roman,2023-06-22,77,182.4
Roman,2023-06-23,14,51.2
Roman,2023-06-25,76,224.2
Roman,2023-06-26,66,260.8
Roman,2023-06-27,109,219.8
Roman,2023-06-28,53,251.3
Roman,2023-06-29,6,16.9
Roman,2023-06-30,4,14.5
Roman,2023-07-01,3,13.4
Roman,2023-07-02,5,11.2
Roman,2023-07-03,9,23.3
Roman,2023-07-04,5,34.6
Roman,2023-07-06,26,74.3
Roman,2023-07-07,8,25.9
Roman,2023-07-08,32,104.5
Roman,2023-07-09,40,136.2
Roman,2023-07-19,2,0.3
Roman,2023-07-23,22,110.7
Roman,2023-07-24,16,24.3
Roman,2023-07-25,21,39.7
Roman,2023-07-26,55,120.9
Roman,2023-07-27,48,111.0
Roman,2023-07-29,9,36.5
Roman,2023-07-30,34,122.8
Roman,2023-07-31,59,169.9
Roman,2023-08-01,20,53.0
Roman,2023-08-02,9,20.9
Roman,2023-08-03,19,39.3
Roman,2023-08-04,7,2.6
Roman,2023-08-05,14,39.5
Roman,2023-08-06,85,224.2
Roman,2023-08-07,70,187.1
Roman,2023-08-08,5,10.6
Roman,2023-08-09,31,62.0
Roman,2023-08-10,24,108.3
Roman,2023-08-11,19,33.8
Roman,2023-08-12,4,18.2
Roman,2023-08-13,21,87.4
Roman,2023-08-14,37,136.1
Roman,2023-08-15,45,78.6
Roman,2023-08-16,19,66.8
Roman,2023-08-17,57,155.9
Roman,2023-08-18,6,0.1
Roman,2023-08-19,30,75.8
Roman,2023-08-20,27,95.2
Roman,2023-08-21,85,221.0
Roman,2023-08-22,85,224.9
Roman,2023-08-23,36,79.8
Roman,2023-08-24,3,9.0
Roman,2023-08-25,33,111.1
Roman,2023-08-26,18,5.3
Roman,2023-08-27,28,88.4
Roman,2023-08-28,61,118.0
Roman,2023-08-29,46,105.8
Roman,2023-08-30,33,99.1
Roman,2023-08-31,35,91.4
Roman,2023-09-01,66,101.1
Roman,2023-09-02,50,30.9
Roman,2023-09-03,92,194.0
Roman,2023-09-04,99,282.3
Roman,2023-09-05,23,48.0
Roman,2023-09-06,112,124.7
Roman,2023-09-07,125,226.7
Roman,2023-09-08,63,218.7
Roman,2023-09-09,7,30.4
Roman,2023-09-10,4,18.3
Roman,2023-09-11,72,150.9
Roman,2023-09-12,9,37.3
Roman,2023-09-13,77,208.9
Roman,2023-09-14,57,115.9
Roman,2023-09-15,33,58.5
Roman,2023-09-16,20,32.7
Roman,2023-09-17,10,38.2
Roman,2023-09-18,54,16.1
Roman,2023-09-19,44,64.8
Roman,2023-09-20,27,72.9
Roman,2023-09-21,33,110.5
Roman,2023-09-22,11,39.0
Roman,2023-09-23,11,10.0
Roman,2023-09-24,7,19.9
Roman,2023-09-25,19,10.6
Roman,2023-09-26,9,53.7
Roman,2023-09-27,6,11.2
Roman,2023-09-28,74,66.4
Roman,2023-09-29,9,21.7
Roman,2023-09-30,21,44.4
Roman,2023-10-01,25,91.0
Roman,2023-10-02,118,229.4
Roman,2023-10-03,119,307.6
Roman,2023-10-04,130,285.2
Roman,2023-10-05,84,194.5
Roman,2023-10-06,15,19.7
Roman,2023-10-07,51,154.8
Roman,2023-10-08,100,339.5
Roman,2023-10-09,156,405.5
Roman,2023-10-10,117,282.9
Roman,2023-10-11,8,29.0
Roman,2023-10-12,66,194.1
Roman,2023-10-13,19,79.7
Roman,2023-10-15,19,28.3
Roman,2023-10-16,320,228.3
Roman,2023-10-17,58,177.9
Roman,2023-10-18,42,140.1
Roman,2023-10-19,75,223.5
Roman,2023-10-20,15,50.3
Roman,2023-10-21,39,121.4
Roman,2023-10-22,56,183.3
Roman,2023-10-23,51,133.0
Roman,2023-10-24,32,96.8
Roman,2023-10-25,10,32.3
Roman,2023-10-26,17,55.9
Roman,2023-10-27,18,34.3
Roman,2023-10-28,37,126.1
Roman,2023-10-29,24,91.3
Roman,2023-10-30,28,117.0
Roman,2023-11-01,37,99.6
Roman,2023-11-02,46,137.2
Roman,2023-11-03,4,11.4
Roman,2023-11-05,38,117.6
Roman,2023-11-06,45,161.3
Roman,2023-11-07,16,75.0
Roman,2023-11-08,45,109.3
Roman,2023-11-09,31,117.3
Roman,2023-11-11,50,151.4
Roman,2023-11-12,62,242.2
Roman,2023-11-13,32,118.8
Roman,2023-11-14,52,194.0
Roman,2023-11-15,78,338.2
Roman,2023-11-16,66,215.2
Roman,2023-11-17,23,112.8
Roman,2023-11-18,63,190.5
Roman,2023-11-19,111,391.7
Roman,2023-11-20,59,170.4
Roman,2023-11-21,47,127.1
Roman,2023-11-22,12,72.9
Roman,2023-11-23,67,260.5
Roman,2023-11-25,60,227.0
Roman,2023-11-26,48,124.7
Roman,2023-11-27,48,113.8
Roman,2023-11-28,84,304.4
Roman,2023-11-29,57,251.3
Roman,2023-11-30,63,278.9
Roman,2023-12-02,37,123.2
Roman,2023-12-03,24,83.2
Roman,2023-12-04,28,78.9
Roman,2023-12-05,85,301.9
Roman,2023-12-06,35,128.2
Roman,2023-12-07,90,268.8
Roman,2023-12-08,17,32.5
Roman,2023-12-09,50,203.0
Roman,2023-12-10,93,250.3
Roman,2023-12-11,83,205.7
Roman,2023-12-12,124,342.4
Roman,2023-12-13,114,361.9
Roman,2023-12-14,68,242.3
Roman,2023-12-15,28,31.3
Roman,2023-12-16,25,94.5
Roman,2023-12-17,98,321.2
Roman,2023-12-18,103,262.3
Roman,2023-12-19,38,158.1
Roman,2023-12-20,104,315.4
Roman,2023-12-21,67,226.5
Roman,2023-12-22,84,192.8
Roman,2023-12-23,12,46.1
Roman,2023-12-24,42,116.0
Roman,2023-12-25,57,187.9
Roman,2023-12-26,91,266.3
Roman,2023-12-27,109,430.9
Roman,2023-12-28,48,173.2
Roman,2023-12-29,8,28.4
Roman,2023-12-30,63,193.8
Roman,2023-12-31,64,266.7
Roman,2024-01-01,40,148.4
Roman,2024-01-02,45,207.0
Roman,2024-01-03,85,352.3
Roman,2024-01-04,50,178.4
Roman,2024-01-05,15,69.2
Roman,2024-01-06,26,97.8
Roman,2024-01-07,26,94.8
Roman,2024-01-08,5,26.6
Roman,2024-01-09,72,126.9
Roman,2024-01-10,104,440.1
Roman,2024-01-11,41,103.4
Roman,2024-01-12,4,10.1
Roman,2024-01-13,38,130.0
Roman,2024-01-14,54,204.0
Roman,2024-01-15,39,159.6
Roman,2024-01-16,14,59.4
Roman,2024-01-17,63,207.3
Roman,2024-01-18,35,165.0
Roman,2024-01-19,35,143.6
Roman,2024-01-20,30,82.4
Roman,2024-01-21,19,43.0
Roman,2024-01-22,29,163.3
Roman,2024-01-23,15,62.8
Roman,2024-01-24,17,111.4
Roman,2024-01-25,78,175.6
Roman,2024-01-26,43,137.8
Roman,2024-01-27,35,74.2
Roman,2024-01-28,67,227.6
Roman,2024-01-29,59,126.5
Roman,2024-01-30,23,85.8
Roman,2024-01-31,42,237.7
Roman,2024-02-01,63,206.4
Roman,2024-02-02,47,157.3
Roman,2024-02-03,30,57.9
Roman,2024-02-04,64,262.8
Roman,2024-02-05,58,176.7
Roman,2024-02-06,39,186.0
Roman,2024-02-07,85,307.7
Roman,2024-02-08,72,320.9
Roman,2024-02-09,58,113.2
Roman,2024-02-10,31,110.5
Roman,2024-02-11,53,244.4
Roman,2024-02-12,21,63.1
Roman,2024-02-13,34,147.2
Roman,2024-02-14,79,251.8
Roman,2024-02-15,80,281.2
Roman,2024-02-16,52,215.4
Roman,2024-02-18,63,225.9
Roman,2024-02-19,44,132.0
Roman,2024-02-20,50,189.8
Roman,2024-02-21,56,169.3
Roman,2024-02-22,69,232.8
Roman,2024-02-23,78,194.8
Roman,2024-02-24,52,168.9
Roman,2024-02-25,30,148.2
Roman,2024-02-26,20,71.9
Roman,2024-02-27,38,154.9
Roman,2024-02-28,35,150.5
Roman,2024-02-29,73,296.2
Roman,2024-03-01,30,133.6
Roman,2024-03-02,31,81.5
Roman,2024-03-03,48,182.7
Roman,2024-03-04,14,44.7
Roman,2024-03-05,38,173.0
Roman,2024-03-06,39,177.3
Roman,2024-03-07,82,261.9
Roman,2024-03-08,10,41.8
Roman,2024-03-09,16,47.6
Roman,2024-03-10,41,145.6
Roman,2024-03-11,34,95.1
Roman,2024-03-12,19,39.2
Roman,2024-03-13,36,120.1
Roman,2024-03-14,22,59.4
Roman,2024-03-15,7,15.3
Roman,2024-03-16,34,126.7
Roman,2024-03-17,73,253.6
Roman,2024-03-18,5,22.0
Roman,2024-03-19,45,211.6
Roman,2024-03-20,37,157.9
Roman,2024-03-21,60,227.7
Roman,2024-03-22,3,0.7
Roman,2024-03-23,21,24.0
Roman,2024-03-24,43,147.1
Roman,2024-03-25,25,105.1
Roman,2024-03-26,41,181.0
Roman,2024-03-27,65,146.8
Roman,2024-03-28,55,131.8
Roman,2024-03-29,1,7.3
Roman,2024-03-30,28,57.2
Roman,2024-03-31,55,126.0
Roman,2024-04-01,81,296.4
Roman,2024-04-02,19,65.1
Roman,2024-04-03,129,481.7
Roman,2024-04-04,61,225.0
Roman,2024-04-05,24,81.6
Roman,2024-04-06,13,30.7
Roman,2024-04-07,100,153.4
Roman,2024-04-08,81,189.6
Roman,2024-04-09,46,144.5
Roman,2024-04-10,48,198.3
Roman,2024-04-11,36,103.7
Roman,2024-04-12,18,57.6
Roman,2024-04-13,18,26.2
Roman,2024-04-14,119,301.7
Roman,2024-04-15,35,91.4
Roman,2024-04-16,26,111.3
Roman,2024-04-17,35,121.0
Roman,2024-04-18,37,152.4
Roman,2024-04-19,4,15.2
Roman,2024-04-20,56,150.8
Roman,2024-04-21,88,311.1
Roman,2024-04-22,28,77.9
Roman,2024-04-23,18,63.6
Roman,2024-04-24,76,214.7
Roman,2024-04-25,32,127.8
Roman,2024-04-26,8,54.7
Roman,2024-04-27,35,127.4
Roman,2024-04-28,69,162.2
Roman,2024-04-29,32,131.5
Roman,2024-04-30,23,80.3
Roman,2024-05-01,39,171.1
Roman,2024-05-02,36,117.2
Roman,2024-05-03,32,117.5
Roman,2024-05-04,43,162.8
Roman,2024-05-05,51,166.3
Roman,2024-05-06,47,156.4
Roman,2024-05-07,12,28.7
Roman,2024-05-08,65,219.9
Roman,2024-05-09,43,142.4
Roman,2024-05-10,41,129.4
Roman,2024-05-11,34,153.5
Roman,2024-05-12,39,174.4
Roman,2024-05-13,75,306.7
Roman,2024-05-14,89,373.3
Roman,2024-05-15,110,380.0
Roman,2024-05-16,107,309.8
Roman,2024-05-17,60,195.3
Roman,2024-05-18,53,229.8
Roman,2024-05-19,49,186.0
Roman,2024-05-20,59,245.8
Roman,2024-05-21,35,134.0
Roman,2024-05-22,121,355.0
Roman,2024-05-23,50,158.2
Roman,2024-05-24,59,180.2
Roman,2024-05-25,14,75.5
Roman,2024-05-26,53,239.5
Roman,2024-05-27,39,158.3
Roman,2024-05-28,125,427.1
Roman,2024-05-29,67,219.9
Roman,2024-05-30,66,250.4
Roman,2024-05-31,39,179.4
Roman,2024-06-01,21,102.8
Roman,2024-06-02,28,138.7
Roman,2024-06-03,56,201.2
Roman,2024-06-04,39,149.9
Roman,2024-06-05,80,252.7
Roman,2024-06-06,55,145.1
Roman,2024-06-07,63,215.5
Roman,2024-06-08,34,121.5
Roman,2024-06-09,58,210.4
Roman,2024-06-10,70,274.2
Roman,2024-06-11,14,54.2
Roman,2024-06-12,24,117.5
Roman,2024-06-13,27,149.4
Roman,2024-06-14,66,264.1
Roman,2024-06-15,15,46.6
Roman,2024-06-16,60,208.4
Roman,2024-06-17,61,221.1
Roman,2024-06-18,48,158.7
Roman,2024-06-19,92,275.2
Roman,2024-06-20,69,206.8
Roman,2024-06-21,59,265.4
Roman,2024-06-22,26,117.7
Roman,2024-06-23,82,243.9
Roman,2024-06-24,80,275.1
Roman,2024-06-25,48,209.0
Roman,2024-06-26,75,255.7
Roman,2024-06-27,89,281.0
Roman,2024-06-28,39,168.5
Roman,2024-06-29,34,119.8
Roman,2024-06-30,47,192.4
Roman,2024-07-01,48,181.4
Roman,2024-07-02,97,318.2
Roman,2024-07-03,91,293.0
Roman,2024-07-04,48,221.9
Roman,2024-07-05,79,335.2
Roman,2024-07-06,14,43.7
Roman,2024-07-07,29,122.9
Roman,2024-07-08,19,73.5
Roman,2024-07-09,55,67.5
Roman,2024-07-10,48,201.5
Roman,2024-07-11,63,266.1
Roman,2024-07-12,39,174.2
Roman,2024-07-13,27,124.6
Roman,2024-07-14,23,91.8
Roman,2024-07-15,47,205.5
Roman,2024-07-16,21,101.8
Roman,2024-07-17,42,155.3
Roman,2024-07-18,149,307.2
Roman,2024-07-19,47,369.2
Roman,2024-07-20,7,74.4
Roman,2024-07-21,14,87.9
Roman,2024-07-22,24,149.0
Roman,2024-07-23,68,270.0
Roman,2024-07-24,64,268.5
Roman,2024-07-25,75,326.0
Roman,2024-07-26,40,209.1
Roman,2024-07-27,10,40.2
Roman,2024-07-28,41,200.4
Roman,2024-07-29,60,306.9
Roman,2024-07-30,22,53.6
Roman,2024-07-31,62,226.3
Roman,2024-08-01,49,189.3
Roman,2024-08-02,8,16.8
Roman,2024-08-04,70,189.4
Roman,2024-08-05,52,185.8
Roman,2024-08-06,78,274.5
Roman,2024-08-07,54,169.8
Roman,2024-08-08,104,278.0
Roman,2024-08-09,38,178.4
Roman,2024-08-11,11,10.1
Roman,2024-08-12,32,91.9
Roman,2024-08-13,106,265.6
Roman,2024-08-14,17,95.4
Roman,2024-08-15,62,277.5
Roman,2024-08-16,6,80.9
Roman,2024-08-17,6,10.8
Roman,2024-08-18,55,205.3
Roman,2024-08-19,108,404.3
Roman,2024-08-20,99,274.9
Roman,2024-08-21,52,272.9
Roman,2024-08-22,90,307.4
Roman,2024-08-23,14,37.2
Roman,2024-08-24,16,57.9
Roman,2024-08-25,64,277.2
Roman,2024-08-26,48,222.5
Roman,2024-08-27,123,354.6
Roman,2024-08-28,30,190.1
Roman,2024-08-29,86,346.7
Roman,2024-08-30,27,82.1
Roman,2024-08-31,31,120.5
Roman,2024-09-01,44,116.8
Roman,2024-09-02,26,120.9
Roman,2024-09-03,46,262.7
Roman,2024-09-04,24,107.5
Roman,2024-09-05,55,161.1
Roman,2024-09-06,3,3.1
Roman,2024-09-07,3,2.2
Roman,2024-09-08,10,42.8
Roman,2024-09-09,17,65.4
Roman,2024-09-10,40,53.5
Roman,2024-09-11,77,188.1
Roman,2024-09-12,32,86.9
Roman,2024-09-13,24,71.7
Roman,2024-09-14,2,3.7
Roman,2024-09-15,19,48.4
Roman,2024-09-16,49,121.0
Roman,2024-09-17,57,129.4
Roman,2024-09-18,24,104.2
Roman,2024-09-19,23,62.5
Roman,2024-09-20,1,5.7
Roman,2024-09-21,10,24.8
Roman,2024-09-22,9,6.3
Roman,2024-09-23,7,20.9
Roman,2024-09-24,18,60.9
Roman,2024-09-25,22,59.8
Roman,2024-09-26,22,81.1
Roman,2024-09-28,8,27.3
Roman,2024-09-29,33,97.8
Roman,2024-09-30,54,135.9
Roman,2024-10-01,42,118.6
Roman,2024-10-02,35,141.0
Roman,2024-10-03,81,81.4
Roman,2024-10-04,10,32.8
Roman,2024-10-05,27,84.7
Roman,2024-10-06,28,85.3
Roman,2024-10-07,70,353.5
Roman,2024-10-08,39,139.7
Roman,2024-10-09,106,325.2
Roman,2024-10-10,54,204.0
Roman,2024-10-12,6,22.9
Roman,2024-10-13,13,55.1
Roman,2024-10-14,67,227.5
Roman,2024-10-15,59,188.6
Roman,2024-10-16,32,80.3
Roman,2024-10-17,38,89.4
Roman,2024-10-18,9,24.9
Roman,2024-10-19,16,36.2
Roman,2024-10-20,26,97.1
Roman,2024-10-21,57,128.9
Roman,2024-10-22,49,146.7
Roman,2024-10-23,46,170.7
Roman,2024-10-24,9,20.7
Roman,2024-10-25,4,9.4
Roman,2024-10-26,5,27.8
Roman,2024-10-27,21,80.2
Roman,2024-10-28,40,98.3
Roman,2024-10-29,53,104.7
Roman,2024-10-30,37,104.3
Roman,2024-10-31,52,185.6
Roman,2024-11-01,16,15.7
Roman,2024-11-02,7,43.4
Roman,2024-11-03,24,61.1
Roman,2024-11-04,26,149.6
Roman,2024-11-05,32,106.2
Roman,2024-11-07,13,43.2
Roman,2024-11-08,36,98.3
Roman,2024-11-09,7,21.0
Roman,2024-11-10,57,186.8
Roman,2024-11-11,38,115.8
Roman,2024-11-12,57,223.4
Roman,2024-11-13,17,60.2
Roman,2024-11-14,22,71.3
Roman,2024-11-15,45,125.3
Roman,2024-11-16,43,70.9
Roman,2024-11-17,29,80.1
Roman,2024-11-18,71,256.7
Roman,2024-11-19,64,218.1
Roman,2024-11-20,79,314.3
Roman,2024-11-21,70,245.4
Roman,2024-11-22,54,167.8
Roman,2024-11-23,33,131.7
Roman,2024-11-24,71,259.8
Roman,2024-11-25,89,256.6
Roman,2024-11-26,40,125.4
Roman,2024-11-27,64,234.3
Roman,2024-11-28,74,228.8
Roman,2024-11-29,28,103.1
Roman,2024-11-30,11,20.6
Roman,2024-12-01,48,135.0
Roman,2024-12-02,71,267.7
Roman,2024-12-03,64,186.1
Roman,2024-12-04,42,183.0
Roman,2024-12-05,53,135.5
Roman,2024-12-06,2,15.7
Roman,2024-12-07,32,74.1
Roman,2024-12-08,40,175.1
Roman,2024-12-09,65,218.4
Roman,2024-12-10,2,3.4
Roman,2024-12-11,53,177.2
Roman,2024-12-12,29,127.2
Roman,2024-12-13,52,166.8
Roman,2024-12-14,49,115.8
Roman,2024-12-15,50,61.8
Roman,2024-12-16,56,180.7
Roman,2024-12-17,67,90.8
Roman,2024-12-18,42,120.2
Roman,2024-12-19,50,174.4
Roman,2024-12-20,37,118.2
Roman,2024-12-21,61,158.4
Roman,2024-12-22,24,90.9
Roman,2024-12-23,56,137.7
Roman,2024-12-24,41,147.4
Roman,2024-12-25,79,283.6
Roman,2024-12-26,60,180.6
Roman,2024-12-27,19,73.8
Roman,2024-12-28,26,92.5
Roman,2024-12-29,73,261.4
Roman,2024-12-30,19,72.8
Roman,2024-12-31,15,71.9
Roman,2025-01-01,78,286.1
Roman,2025-01-02,37,185.9
Roman,2025-01-03,17,52.3
Roman,2025-01-04,27,69.6
Roman,2025-01-05,44,144.3
Roman,2025-01-06,30,97.4
Roman,2025-01-07,29,128.7
Roman,2025-01-08,54,222.6
Roman,2025-01-09,58,220.7
Roman,2025-01-10,36,127.6
Roman,2025-01-11,68,276.7
Roman,2025-01-12,71,243.4
Roman,2025-01-13,12,28.6
Roman,2025-01-14,22,78.3
Roman,2025-01-15,54,219.3
Roman,2025-01-16,35,177.0
Roman,2025-01-17,36,183.8
Roman,2025-01-19,59,103.3
Roman,2025-01-20,60,185.5
Roman,2025-01-21,59,224.6
Roman,2025-01-22,27,44.8
Roman,2025-01-23,30,159.3
Roman,2025-01-24,43,131.7
Roman,2025-01-25,63,127.1
Roman,2025-01-26,11,33.7
Roman,2025-01-27,53,162.5
Roman,2025-01-28,34,164.5
Roman,2025-01-29,22,53.9
Roman,2025-01-30,8,30.2
Roman,2025-01-31,1,0.9
Roman,2025-02-01,6,25.0
Roman,2025-02-02,38,188.3
Roman,2025-02-04,100,321.8
Roman,2025-02-05,8,11.5
Roman,2025-02-06,62,212.7
Roman,2025-02-07,39,129.0
Roman,2025-02-08,8,17.6
Roman,2025-02-09,68,226.0
Roman,2025-02-10,20,105.7
Roman,2025-02-11,30,110.2
Roman,2025-02-12,45,165.4
Roman,2025-02-13,6,8.0
Roman,2025-02-14,29,110.1
Roman,2025-02-15,3,11.3
Roman,2025-02-16,31,147.6
Roman,2025-02-17,5,25.9
Roman,2025-02-18,5,17.3
Roman,2025-02-19,47,93.0
Roman,2025-02-20,82,249.5
Roman,2025-02-21,27,126.3
Roman,2025-02-22,24,88.9
Roman,2025-02-23,76,261.3
Roman,2025-02-24,50,67.5
Roman,2025-02-25,22,88.8
Roman,2025-02-26,13,65.5
Roman,2025-02-27,85,281.2
Roman,2025-02-28,22,90.8
Roman,2025-03-01,12,54.2
Roman,2025-03-02,78,207.2
Roman,2025-03-03,70,161.3
Roman,2025-03-04,41,138.2
Roman,2025-03-05,105,313.7
Roman,2025-03-06,85,237.5
Roman,2025-03-07,45,217.6
Roman,2025-03-09,79,271.0
Roman,2025-03-10,75,218.8
Roman,2025-03-11,8,23.1
Roman,2025-03-12,14,48.4
Roman,2025-03-13,48,199.2
Roman,2025-03-14,6,32.3
Roman,2025-03-16,14,51.6
Roman,2025-03-17,2,27.3
Roman,2025-03-18,22,76.4
Roman,2025-03-19,13,81.0
Roman,2025-03-20,34,175.8
Roman,2025-03-21,15,17.7
Roman,2025-03-23,15,55.6
Roman,2025-03-24,24,83.7
Roman,2025-03-25,11,99.4
Roman,2025-03-26,6,3.9
Roman,2025-03-27,26,80.2
Roman,2025-03-28,26,88.9
Roman,2025-03-29,4,2.7
Roman,2025-03-30,16,58.5
Roman,2025-03-31,12,49.9
Roman,2025-04-01,64,186.5
Roman,2025-04-02,24,89.2
Roman,2025-04-03,1,0.6
Roman,2025-04-04,71,310.9
Roman,2025-04-05,7,37.0
Roman,2025-04-06,53,126.4
Roman,2025-04-07,39,132.3
Roman,2025-04-08,67,257.8
Roman,2025-04-09,17,62.9
Roman,2025-04-10,22,30.7
Roman,2025-04-11,2,32.6
Roman,2025-04-13,72,45.4
Roman,2025-04-14,49,170.1
Roman,2025-04-15,52,142.1
Roman,2025-04-16,17,36.7
Roman,2025-04-17,1,5.8
Roman,2025-04-19,24,51.6
Roman,2025-04-20,76,225.2
Roman,2025-04-21,16,56.8
Roman,2025-04-22,23,74.1
Roman,2025-04-23,16,46.6
Roman,2025-04-24,20,74.6
Roman,2025-04-25,59,245.3
Roman,2025-04-26,1,5.5
Roman,2025-04-27,37,165.4
Roman,2025-04-28,55,203.2
Roman,2025-04-29,41,157.5
Roman,2025-04-30,66,237.2
Roman,2025-05-01,29,117.0
Roman,2025-05-02,64,160.8
Roman,2025-05-03,1,4.2
Roman,2025-05-04,27,105.8
Roman,2025-05-05,56,172.3
Roman,2025-05-06,47,198.2
Roman,2025-05-07,23,114.2
Roman,2025-05-08,20,47.5
Roman,2025-05-09,9,33.5
Roman,2025-05-11,46,196.3
Roman,2025-05-12,34,169.4
Roman,2025-05-13,14,47.7
Roman,2025-05-14,9,60.6
Roman,2025-05-15,21,133.1
Roman,2025-05-16,52,298.8
Roman,2025-05-17,2,13.3
Roman,2025-05-18,42,171.4
Roman,2025-05-19,39,124.9
Roman,2025-05-20,49,168.9
Roman,2025-05-21,2,0.5
Roman,2025-05-22,28,94.7
Roman,2025-05-23,74,185.2
Roman,2025-05-24,7,24.5
Roman,2025-05-25,22,116.8
Roman,2025-05-26,29,159.0
Roman,2025-05-27,33,203.2
Roman,2025-05-28,6,31.7
Roman,2025-05-29,1,2.8
Roman,2025-05-30,29,204.6
Roman,2025-06-01,29,128.2
Roman,2025-06-03,42,160.5
Roman,2025-06-06,42,94.4
Roman,2025-06-08,11,90.0
Roman,2025-06-09,12,61.7
Roman,2025-06-10,22,70.5
Roman,2025-06-11,55,191.0
Roman,2025-06-12,24,101.9
Roman,2025-06-13,54,271.6
Roman,2025-06-14,1,2.0
Roman,2025-06-15,13,48.6
Roman,2025-06-16,55,234.1
Roman,2025-06-17,21,109.1
Roman,2025-06-18,16,74.4
Roman,2025-06-19,28,98.8
Roman,2025-06-20,59,202.8
Roman,2025-06-21,11,40.5
Roman,2025-06-22,42,168.7
Roman,2025-06-23,75,283.3
Roman,2025-06-24,69,277.5
Roman,2025-06-25,106,315.0
Roman,2025-06-26,82,283.7
Roman,2025-06-27,97,280.0
Roman,2025-06-28,20,30.3
Roman,2025-06-29,47,135.8
Roman,2025-06-30,84,310.7
Roman,2025-07-01,57,239.6
Roman,2025-07-02,87,229.2
Roman,2025-07-03,46,171.0
Roman,2025-07-04,95,381.7
Roman,2025-07-06,70,177.0
Roman,2025-07-07,33,85.6
Roman,2025-07-08,85,328.8
Roman,2025-07-09,28,119.8
Roman,2025-07-10,67,228.6
Roman,2025-07-11,11,11.9
Roman,2025-07-12,15,53.7
Roman,2025-07-13,20,82.2
Roman,2025-07-14,104,348.0
Roman,2025-07-15,124,545.6
Roman,2025-07-16,12,64.2
Roman,2025-07-17,105,228.2
Roman,2025-07-18,49,160.1
Roman,2025-07-20,91,260.0
Roman,2025-07-21,78,227.2
Roman,2025-07-22,60,86.6
Roman,2025-07-23,70,288.6
Roman,2025-07-24,45,173.8
Roman,2025-07-25,40,94.3
Roman,2025-07-26,4,14.1
Roman,2025-07-27,32,145.2
Roman,2025-07-28,68,171.7
Roman,2025-07-29,117,339.9
Roman,2025-07-30,22,77.8
Roman,2025-07-31,51,175.4
Roman,2025-08-01,74,277.4
Roman,2025-08-02,6,18.4
Roman,2025-08-03,46,173.2
Roman,2025-08-04,56,174.8
Roman,2025-08-05,73,198.3
Roman,2025-08-06,21,58.2
Roman,2025-08-07,63,137.9
Roman,2025-08-08,57,166.2
Roman,2025-08-09,3,7.8
Roman,2025-08-10,21,66.9
Roman,2025-08-11,63,177.2
Roman,2025-08-12,78,290.0
Roman,2025-08-13,79,272.9
Roman,2025-08-14,154,461.4
Roman,2025-08-16,2,4.7
Roman,2025-08-17,61,54.9
Roman,2025-08-18,41,171.9
Roman,2025-08-19,16,62.0
Roman,2025-08-20,71,155.8
Roman,2025-08-21,88,134.2
Roman,2025-08-22,49,127.0
Roman,2025-08-24,18,44.5
Roman,2025-08-25,118,359.9
Roman,2025-08-26,52,126.4
Roman,2025-08-27,16,44.7
Roman,2025-08-28,42,122.5
Roman,2025-08-29,27,9.4
Roman,2025-08-30,5,4.6
Roman,2025-08-31,80,188.4
Roman,2025-09-01,31,103.8
Roman,2025-09-02,28,83.9
Roman,2025-09-03,126,272.9
Roman,2025-09-04,54,175.0
Roman,2025-09-05,12,39.8
Roman,2025-09-07,96,343.4
Roman,2025-09-08,69,151.8
Roman,2025-09-09,97,304.9
Roman,2025-09-10,63,208.7
Roman,2025-09-11,53,177.6
Roman,2025-09-12,1,0.0
Roman,2025-09-14,61,107.9
Roman,2025-09-15,92,266.8
Roman,2025-09-16,76,219.0
Roman,2025-09-17,44,158.2
Roman,2025-09-18,17,66.2
Roman,2025-09-19,32,97.2
Roman,2025-09-20,2,2.7
Roman,2025-09-21,96,281.8
Roman,2025-09-22,146,533.0
Roman,2025-09-23,27,100.7
Roman,2025-09-25,117,343.8
Roman,2025-09-28,41,81.9
Roman,2025-09-29,37,101.5
Roman,2025-09-30,39,109.2
Roman,2025-10-01,1,0.7
Roman,2025-10-03,74,346.7
Roman,2025-10-04,14,35.4
Roman,2025-10-05,66,180.2
Roman,2025-10-06,31,101.4
Roman,2025-10-07,35,71.3
Roman,2025-10-08,107,363.5
Roman,2025-10-09,25,76.5
Roman,2025-10-10,33,120.2
Roman,2025-10-11,1,0.0
Roman,2025-10-12,121,340.7
Roman,2025-10-13,30,99.8
Roman,2025-10-14,35,141.1
Roman,2025-10-15,108,296.0
Roman,2025-10-16,117,313.8
Roman,2025-10-17,50,154.3
Roman,2025-10-18,37,134.2
Roman,2025-10-19,79,264.4
Roman,2025-10-20,81,271.9
Roman,2025-10-21,58,159.2
Roman,2025-10-22,74,132.4
Roman,2025-10-23,18,59.2
Roman,2025-10-24,68,211.8
Roman,2025-10-25,29,74.6
Roman,2025-10-26,90,295.1
Roman,2025-10-27,75,180.2
Roman,2025-10-28,84,230.4
Roman,2025-10-29,54,156.6
Roman,2025-10-30,26,74.1
Roman,2025-10-31,19,75.0
Roman,2025-11-01,50,200.3
Roman,2025-11-02,77,249.9
Roman,2025-11-03,73,222.8
Roman,2025-11-04,56,156.9
Roman,2025-11-05,45,138.0
Roman,2025-11-06,61,174.0
Roman,2025-11-07,32,106.8
Roman,2025-11-08,51,147.8
Roman,2025-11-09,58,207.9
Roman,2025-11-10,93,256.6
Roman,2025-11-11,64,293.3
Roman,2025-11-12,110,340.4
Roman,2025-11-13,83,226.8
Roman,2025-11-14,35,173.8
Roman,2025-11-15,28,101.2
Roman,2025-11-16,80,295.2
Roman,2025-11-17,117,242.8
Roman,2025-11-18,36,128.3
Roman,2025-11-19,68,197.7
Roman,2025-11-20,30,97.8
Roman,2025-11-21,2,0.8
Roman,2025-11-22,39,105.7
Roman,2025-11-23,88,236.4
Roman,2025-11-24,24,85.2
Roman,2025-11-25,40,108.4
Roman,2025-11-26,30,115.8
Roman,2025-11-27,35,67.2
Roman,2025-11-28,25,106.0
Roman,2025-11-29,8,28.3
Roman,2025-11-30,98,269.8
Roman,2025-12-01,44,83.0
Roman,2025-12-02,43,111.2
Roman,2025-12-03,18,80.8
Roman,2025-12-04,38,127.1
Roman,2025-12-05,21,75.1
Roman,2025-12-06,4,5.5
Roman,2025-12-07,87,202.8
Roman,2025-12-08,25,63.5
Roman,2025-12-09,37,129.8
Roman,2025-12-10,87,261.0
Roman,2025-12-11,46,65.4
Roman,2025-12-12,10,51.8
Roman,2025-12-13,29,108.7
Roman,2025-12-14,128,330.8
Roman,2025-12-15,65,143.4
Roman,2025-12-16,42,144.9
Roman,2025-12-17,68,167.3
Roman,2025-12-18,17,30.8
Roman,2025-12-19,7,14.0
Roman,2025-12-21,66,183.9
Roman,2025-12-22,62,165.5
Roman,2025-12-23,117,342.4
Roman,2025-12-24,46,110.5
Roman,2025-12-25,96,251.9
Roman,2025-12-26,65,160.7
Roman,2025-12-27,27,83.1
Roman,2025-12-28,89,251.5
Roman,2025-12-29,70,163.4
Roman,2025-12-30,164,351.3
Roman,2025-12-31,48,128.6
Roman,2026-01-01,28,70.7
Roman,2026-01-02,66,157.3
Roman,2026-01-03,28,96.9
Roman,2026-01-04,227,495.5
Roman,2026-01-05,70,236.0
Roman,2026-01-06,113,241.0
Roman,2026-01-07,107,226.0
Roman,2026-01-08,27,58.9
Roman,2026-01-09,2,0.1
Roman,2026-01-10,22,43.3
Roman,2026-01-11,59,127.7
Roman,2026-01-12,63,127.3
Roman,2026-01-13,84,206.3
Roman,2026-01-14,39,105.0
Roman,2026-01-15,30,54.1
Roman,2026-01-16,5,6.6
Roman,2026-01-17,25,75.4
Roman,2026-01-18,132,351.7
Roman,2026-01-19,70,278.3
Roman,2026-01-20,35,109.6
Roman,2026-01-21,147,344.0
Roman,2026-01-22,46,100.4
Roman,2026-01-23,8,30.7
Roman,2026-01-24,41,146.4
Roman,2026-01-25,109,296.7
Roman,2026-01-26,118,340.5
Roman,2026-01-27,43,92.6
Roman,2026-01-28,86,282.5
Roman,2026-01-29,91,241.0
Roman,2026-01-30,52,171.9
Roman,2026-01-31,47,194.8
Roman,2026-02-01,52,137.0
Roman,2026-02-02,96,302.2
Roman,2026-02-03,113,233.3
Roman,2026-02-04,58,151.5
Roman,2026-02-05,43,151.1
Roman,2026-02-06,2,5.9
Roman,2026-02-07,24,78.5
Roman,2026-02-08,35,124.7
Roman,2026-02-09,37,118.5
Roman,2026-02-10,52,113.5
Roman,2026-02-11,57,157.6
Roman,2026-02-12,75,265.8
Roman,2026-02-13,57,169.5
Roman,2026-02-14,20,45.6
Roman,2026-02-15,130,405.9
Roman,2026-02-16,108,350.4
Roman,2026-02-17,100,315.9
Roman,2026-02-18,127,389.4
Roman,2026-02-19,87,185.5
Roman,2026-02-20,38,119.7
Roman,2026-02-21,52,144.7
Roman,2026-02-22,87,242.5
Roman,2026-02-23,144,401.5
Roman,2026-02-24,108,308.7
Roman,2026-02-25,56,190.3
Roman,2026-02-26,133,335.3
Roman,2026-02-27,50,165.7
Roman,2026-02-28,43,115.6
Roman,2026-03-01,76,299.0
Roman,2026-03-02,67,249.2
Roman,2026-03-03,48,231.9
Roman,2026-03-04,62,237.2
Roman,2026-03-07,27,93.3
Roman,2026-03-08,2,5.5
Roman,2026-03-09,10,34.3
Roman,2026-03-12,30,100.7
Roman,2026-03-15,36,61.0
Roman,2026-03-16,32,100.9
Roman,2026-03-17,52,33.1
Roman,2026-03-18,34,102.9
Roman,2026-03-19,30,47.0
Roman,2026-03-20,66,90.4
Roman,2026-03-21,50,61.2
Roman,2026-03-22,101,331.9
Roman,2026-03-23,42,118.9
Roman,2026-03-24,89,183.8
Roman,2026-03-25,89,258.9
Roman,2026-03-26,6,19.6
Roman,2026-03-27,61,180.9
Roman,2026-03-28,28,88.8
Roman,2026-03-29,135,352.1
Roman,2026-03-30,72,266.0
Roman,2026-03-31,110,324.5
Roman,2026-04-01,39,127.4
Roman,2026-04-02,23,69.0
Roman,2026-04-03,65,270.9
Roman,2026-04-05,56,215.6
Roman,2026-04-06,80,272.5
Roman,2026-04-07,34,187.2
Roman,2026-04-09,93,263.4
Roman,2026-04-10,59,194.5
Roman,2026-04-11,1,0.1
Roman,2026-04-12,78,258.2
Roman,2026-04-13,46,189.0
Roman,2026-04-14,116,327.5
Roman,2026-04-15,69,166.6
Roman,2026-04-16,47,134.8
Roman,2026-04-18,1,2.0
Roman,2026-04-19,41,251.5
Roman,2026-04-20,97,244.0
Roman,2026-04-21,121,288.8
Roman,2026-04-22,61,105.5
Roman,2026-04-23,61,117.9
Roman,2026-04-24,70,218.7
Roman,2026-04-25,13,26.6
Roman,2026-04-26,83,259.1
Roman,2026-04-27,104,284.3
Roman,2026-04-28,108,321.1
Roman,2026-04-29,47,192.7
Roman,2026-04-30,70,215.0
Roman,2026-05-01,53,123.2
Roman,2026-05-02,32,64.5
Roman,2026-05-03,99,274.2
Roman,2026-05-05,148,461.9
Roman,2026-05-06,113,217.8
Roman,2026-05-07,4,17.8
Roman,2026-05-08,58,170.5
Roman,2026-05-09,6,17.2
Roman,2026-05-10,77,250.1
